[server-keeper] Installing dependencies...
bun install v1.3.10 (30e609e0)
No packages! Deleted empty lockfile

[9.00ms] done
[server-keeper] Running bun run dev...
$ bun --hot index.ts
Server keeper starting...
Server started with PID: 745
⨯ Failed to start server
Error: listen EADDRINUSE: address already in use :::3000
    at <unknown> (Error: listen EADDRINUSE: address already in use :::3000)
    at new Promise (<anonymous>) {
  code: 'EADDRINUSE',
  errno: -98,
  syscall: 'listen',
  address: '::',
  port: 3000
}
[?25h
Server exited with code: 1
Restarting server in 3 seconds...
Server started with PID: 833
⨯ Failed to start server
Error: listen EADDRINUSE: address already in use :::3000
    at <unknown> (Error: listen EADDRINUSE: address already in use :::3000)
    at new Promise (<anonymous>) {
  code: 'EADDRINUSE',
  errno: -98,
  syscall: 'listen',
  address: '::',
  port: 3000
}
[?25h
Server exited with code: 1
Restarting server in 3 seconds...
Server started with PID: 876
⨯ Failed to start server
Error: listen EADDRINUSE: address already in use :::3000
    at <unknown> (Error: listen EADDRINUSE: address already in use :::3000)
    at new Promise (<anonymous>) {
  code: 'EADDRINUSE',
  errno: -98,
  syscall: 'listen',
  address: '::',
  port: 3000
}
[?25h
Server exited with code: 1
Restarting server in 3 seconds...
Server started with PID: 919
⨯ Failed to start server
Error: listen EADDRINUSE: address already in use :::3000
    at <unknown> (Error: listen EADDRINUSE: address already in use :::3000)
    at new Promise (<anonymous>) {
  code: 'EADDRINUSE',
  errno: -98,
  syscall: 'listen',
  address: '::',
  port: 3000
}
[?25h
Server exited with code: 1
Restarting server in 3 seconds...
Server started with PID: 962
⨯ Failed to start server
Error: listen EADDRINUSE: address already in use :::3000
    at <unknown> (Error: listen EADDRINUSE: address already in use :::3000)
    at new Promise (<anonymous>) {
  code: 'EADDRINUSE',
  errno: -98,
  syscall: 'listen',
  address: '::',
  port: 3000
}
[?25h
Server exited with code: 1
Restarting server in 3 seconds...
Server started with PID: 1005
⨯ Failed to start server
Error: listen EADDRINUSE: address already in use :::3000
    at <unknown> (Error: listen EADDRINUSE: address already in use :::3000)
    at new Promise (<anonymous>) {
  code: 'EADDRINUSE',
  errno: -98,
  syscall: 'listen',
  address: '::',
  port: 3000
}
[?25h
Server exited with code: 1
Restarting server in 3 seconds...
Server started with PID: 1048
⨯ Failed to start server
Error: listen EADDRINUSE: address already in use :::3000
    at <unknown> (Error: listen EADDRINUSE: address already in use :::3000)
    at new Promise (<anonymous>) {
  code: 'EADDRINUSE',
  errno: -98,
  syscall: 'listen',
  address: '::',
  port: 3000
}
[?25h
Server exited with code: 1
Restarting server in 3 seconds...
Server started with PID: 1091
⨯ Failed to start server
Error: listen EADDRINUSE: address already in use :::3000
    at <unknown> (Error: listen EADDRINUSE: address already in use :::3000)
    at new Promise (<anonymous>) {
  code: 'EADDRINUSE',
  errno: -98,
  syscall: 'listen',
  address: '::',
  port: 3000
}
[?25h
Server exited with code: 1
Restarting server in 3 seconds...
Server started with PID: 1134
⨯ Failed to start server
Error: listen EADDRINUSE: address already in use :::3000
    at <unknown> (Error: listen EADDRINUSE: address already in use :::3000)
    at new Promise (<anonymous>) {
  code: 'EADDRINUSE',
  errno: -98,
  syscall: 'listen',
  address: '::',
  port: 3000
}
[?25h
Server exited with code: 1
Restarting server in 3 seconds...
Server started with PID: 1177
⨯ Failed to start server
Error: listen EADDRINUSE: address already in use :::3000
    at <unknown> (Error: listen EADDRINUSE: address already in use :::3000)
    at new Promise (<anonymous>) {
  code: 'EADDRINUSE',
  errno: -98,
  syscall: 'listen',
  address: '::',
  port: 3000
}
[?25h
Server exited with code: 1
Restarting server in 3 seconds...
Server started with PID: 1220
⨯ Failed to start server
Error: listen EADDRINUSE: address already in use :::3000
    at <unknown> (Error: listen EADDRINUSE: address already in use :::3000)
    at new Promise (<anonymous>) {
  code: 'EADDRINUSE',
  errno: -98,
  syscall: 'listen',
  address: '::',
  port: 3000
}
[?25h
Server exited with code: 1
Restarting server in 3 seconds...
Server started with PID: 1263
⨯ Failed to start server
Error: listen EADDRINUSE: address already in use :::3000
    at <unknown> (Error: listen EADDRINUSE: address already in use :::3000)
    at new Promise (<anonymous>) {
  code: 'EADDRINUSE',
  errno: -98,
  syscall: 'listen',
  address: '::',
  port: 3000
}
[?25h
Server exited with code: 1
Restarting server in 3 seconds...
Server started with PID: 1306
⨯ Failed to start server
Error: listen EADDRINUSE: address already in use :::3000
    at <unknown> (Error: listen EADDRINUSE: address already in use :::3000)
    at new Promise (<anonymous>) {
  code: 'EADDRINUSE',
  errno: -98,
  syscall: 'listen',
  address: '::',
  port: 3000
}
[?25h
Server exited with code: 1
Restarting server in 3 seconds...
Server started with PID: 1349
⨯ Failed to start server
Error: listen EADDRINUSE: address already in use :::3000
    at <unknown> (Error: listen EADDRINUSE: address already in use :::3000)
    at new Promise (<anonymous>) {
  code: 'EADDRINUSE',
  errno: -98,
  syscall: 'listen',
  address: '::',
  port: 3000
}
[?25h
Server exited with code: 1
Restarting server in 3 seconds...
Server started with PID: 1392
⨯ Failed to start server
Error: listen EADDRINUSE: address already in use :::3000
    at <unknown> (Error: listen EADDRINUSE: address already in use :::3000)
    at new Promise (<anonymous>) {
  code: 'EADDRINUSE',
  errno: -98,
  syscall: 'listen',
  address: '::',
  port: 3000
}
[?25h
Server exited with code: 1
Restarting server in 3 seconds...
Server started with PID: 1436
⨯ Failed to start server
Error: listen EADDRINUSE: address already in use :::3000
    at <unknown> (Error: listen EADDRINUSE: address already in use :::3000)
    at new Promise (<anonymous>) {
  code: 'EADDRINUSE',
  errno: -98,
  syscall: 'listen',
  address: '::',
  port: 3000
}
[?25h
Server exited with code: 1
Restarting server in 3 seconds...
Server started with PID: 1480
⨯ Failed to start server
Error: listen EADDRINUSE: address already in use :::3000
    at <unknown> (Error: listen EADDRINUSE: address already in use :::3000)
    at new Promise (<anonymous>) {
  code: 'EADDRINUSE',
  errno: -98,
  syscall: 'listen',
  address: '::',
  port: 3000
}
[?25h
Server exited with code: 1
Restarting server in 3 seconds...
Server started with PID: 1561
⨯ Failed to start server
Error: listen EADDRINUSE: address already in use :::3000
    at <unknown> (Error: listen EADDRINUSE: address already in use :::3000)
    at new Promise (<anonymous>) {
  code: 'EADDRINUSE',
  errno: -98,
  syscall: 'listen',
  address: '::',
  port: 3000
}
[?25h
Server exited with code: 1
Restarting server in 3 seconds...
Server started with PID: 1604
⨯ Failed to start server
Error: listen EADDRINUSE: address already in use :::3000
    at <unknown> (Error: listen EADDRINUSE: address already in use :::3000)
    at new Promise (<anonymous>) {
  code: 'EADDRINUSE',
  errno: -98,
  syscall: 'listen',
  address: '::',
  port: 3000
}
[?25h
Server exited with code: 1
Restarting server in 3 seconds...
Server started with PID: 1647
⨯ Failed to start server
Error: listen EADDRINUSE: address already in use :::3000
    at <unknown> (Error: listen EADDRINUSE: address already in use :::3000)
    at new Promise (<anonymous>) {
  code: 'EADDRINUSE',
  errno: -98,
  syscall: 'listen',
  address: '::',
  port: 3000
}
[?25h
Server exited with code: 1
Restarting server in 3 seconds...
Server started with PID: 1690
⨯ Failed to start server
Error: listen EADDRINUSE: address already in use :::3000
    at <unknown> (Error: listen EADDRINUSE: address already in use :::3000)
    at new Promise (<anonymous>) {
  code: 'EADDRINUSE',
  errno: -98,
  syscall: 'listen',
  address: '::',
  port: 3000
}
[?25h
Server exited with code: 1
Restarting server in 3 seconds...
Server started with PID: 1733
⨯ Failed to start server
Error: listen EADDRINUSE: address already in use :::3000
    at <unknown> (Error: listen EADDRINUSE: address already in use :::3000)
    at new Promise (<anonymous>) {
  code: 'EADDRINUSE',
  errno: -98,
  syscall: 'listen',
  address: '::',
  port: 3000
}
[?25h
Server exited with code: 1
Restarting server in 3 seconds...
Server started with PID: 1814
⨯ Failed to start server
Error: listen EADDRINUSE: address already in use :::3000
    at <unknown> (Error: listen EADDRINUSE: address already in use :::3000)
    at new Promise (<anonymous>) {
  code: 'EADDRINUSE',
  errno: -98,
  syscall: 'listen',
  address: '::',
  port: 3000
}
[?25h
Server exited with code: 1
Restarting server in 3 seconds...
Server started with PID: 1857
⨯ Failed to start server
Error: listen EADDRINUSE: address already in use :::3000
    at <unknown> (Error: listen EADDRINUSE: address already in use :::3000)
    at new Promise (<anonymous>) {
  code: 'EADDRINUSE',
  errno: -98,
  syscall: 'listen',
  address: '::',
  port: 3000
}
[?25h
Server exited with code: 1
Restarting server in 3 seconds...
Server started with PID: 1900
⨯ Failed to start server
Error: listen EADDRINUSE: address already in use :::3000
    at <unknown> (Error: listen EADDRINUSE: address already in use :::3000)
    at new Promise (<anonymous>) {
  code: 'EADDRINUSE',
  errno: -98,
  syscall: 'listen',
  address: '::',
  port: 3000
}
[?25h
Server exited with code: 1
Restarting server in 3 seconds...
Server started with PID: 1943
⨯ Failed to start server
Error: listen EADDRINUSE: address already in use :::3000
    at <unknown> (Error: listen EADDRINUSE: address already in use :::3000)
    at new Promise (<anonymous>) {
  code: 'EADDRINUSE',
  errno: -98,
  syscall: 'listen',
  address: '::',
  port: 3000
}
[?25h
Server exited with code: 1
Restarting server in 3 seconds...
Server started with PID: 1986
⨯ Failed to start server
Error: listen EADDRINUSE: address already in use :::3000
    at <unknown> (Error: listen EADDRINUSE: address already in use :::3000)
    at new Promise (<anonymous>) {
  code: 'EADDRINUSE',
  errno: -98,
  syscall: 'listen',
  address: '::',
  port: 3000
}
[?25h
Server exited with code: 1
Restarting server in 3 seconds...
Server started with PID: 2029
⨯ Failed to start server
Error: listen EADDRINUSE: address already in use :::3000
    at <unknown> (Error: listen EADDRINUSE: address already in use :::3000)
    at new Promise (<anonymous>) {
  code: 'EADDRINUSE',
  errno: -98,
  syscall: 'listen',
  address: '::',
  port: 3000
}
[?25h
Server exited with code: 1
Restarting server in 3 seconds...
Server started with PID: 2072
⨯ Failed to start server
Error: listen EADDRINUSE: address already in use :::3000
    at <unknown> (Error: listen EADDRINUSE: address already in use :::3000)
    at new Promise (<anonymous>) {
  code: 'EADDRINUSE',
  errno: -98,
  syscall: 'listen',
  address: '::',
  port: 3000
}
[?25h
Server exited with code: 1
Restarting server in 3 seconds...
Server started with PID: 2115
⨯ Failed to start server
Error: listen EADDRINUSE: address already in use :::3000
    at <unknown> (Error: listen EADDRINUSE: address already in use :::3000)
    at new Promise (<anonymous>) {
  code: 'EADDRINUSE',
  errno: -98,
  syscall: 'listen',
  address: '::',
  port: 3000
}
[?25h
Server exited with code: 1
Restarting server in 3 seconds...
Server started with PID: 2158
⨯ Failed to start server
Error: listen EADDRINUSE: address already in use :::3000
    at <unknown> (Error: listen EADDRINUSE: address already in use :::3000)
    at new Promise (<anonymous>) {
  code: 'EADDRINUSE',
  errno: -98,
  syscall: 'listen',
  address: '::',
  port: 3000
}
[?25h
Server exited with code: 1
Restarting server in 3 seconds...
Server started with PID: 2201
⨯ Failed to start server
Error: listen EADDRINUSE: address already in use :::3000
    at <unknown> (Error: listen EADDRINUSE: address already in use :::3000)
    at new Promise (<anonymous>) {
  code: 'EADDRINUSE',
  errno: -98,
  syscall: 'listen',
  address: '::',
  port: 3000
}
[?25h
Server exited with code: 1
Restarting server in 3 seconds...
Server started with PID: 2244
⨯ Failed to start server
Error: listen EADDRINUSE: address already in use :::3000
    at <unknown> (Error: listen EADDRINUSE: address already in use :::3000)
    at new Promise (<anonymous>) {
  code: 'EADDRINUSE',
  errno: -98,
  syscall: 'listen',
  address: '::',
  port: 3000
}
[?25h
Server exited with code: 1
Restarting server in 3 seconds...
Server started with PID: 2288
⨯ Failed to start server
Error: listen EADDRINUSE: address already in use :::3000
    at <unknown> (Error: listen EADDRINUSE: address already in use :::3000)
    at new Promise (<anonymous>) {
  code: 'EADDRINUSE',
  errno: -98,
  syscall: 'listen',
  address: '::',
  port: 3000
}
[?25h
Server exited with code: 1
Restarting server in 3 seconds...
Server started with PID: 2332
⨯ Failed to start server
Error: listen EADDRINUSE: address already in use :::3000
    at <unknown> (Error: listen EADDRINUSE: address already in use :::3000)
    at new Promise (<anonymous>) {
  code: 'EADDRINUSE',
  errno: -98,
  syscall: 'listen',
  address: '::',
  port: 3000
}
[?25h
Server exited with code: 1
Restarting server in 3 seconds...
Server started with PID: 2375
⨯ Failed to start server
Error: listen EADDRINUSE: address already in use :::3000
    at <unknown> (Error: listen EADDRINUSE: address already in use :::3000)
    at new Promise (<anonymous>) {
  code: 'EADDRINUSE',
  errno: -98,
  syscall: 'listen',
  address: '::',
  port: 3000
}
[?25h
Server exited with code: 1
Restarting server in 3 seconds...
Server started with PID: 2418
⨯ Failed to start server
Error: listen EADDRINUSE: address already in use :::3000
    at <unknown> (Error: listen EADDRINUSE: address already in use :::3000)
    at new Promise (<anonymous>) {
  code: 'EADDRINUSE',
  errno: -98,
  syscall: 'listen',
  address: '::',
  port: 3000
}
[?25h
Server exited with code: 1
Restarting server in 3 seconds...
Server started with PID: 2461
⨯ Failed to start server
Error: listen EADDRINUSE: address already in use :::3000
    at <unknown> (Error: listen EADDRINUSE: address already in use :::3000)
    at new Promise (<anonymous>) {
  code: 'EADDRINUSE',
  errno: -98,
  syscall: 'listen',
  address: '::',
  port: 3000
}
[?25h
Server exited with code: 1
Restarting server in 3 seconds...
Server started with PID: 2504
⨯ Failed to start server
Error: listen EADDRINUSE: address already in use :::3000
    at <unknown> (Error: listen EADDRINUSE: address already in use :::3000)
    at new Promise (<anonymous>) {
  code: 'EADDRINUSE',
  errno: -98,
  syscall: 'listen',
  address: '::',
  port: 3000
}
[?25h
Server exited with code: 1
Restarting server in 3 seconds...
Server started with PID: 2547
⨯ Failed to start server
Error: listen EADDRINUSE: address already in use :::3000
    at <unknown> (Error: listen EADDRINUSE: address already in use :::3000)
    at new Promise (<anonymous>) {
  code: 'EADDRINUSE',
  errno: -98,
  syscall: 'listen',
  address: '::',
  port: 3000
}
[?25h
Server exited with code: 1
Restarting server in 3 seconds...
Server started with PID: 2590
⨯ Failed to start server
Error: listen EADDRINUSE: address already in use :::3000
    at <unknown> (Error: listen EADDRINUSE: address already in use :::3000)
    at new Promise (<anonymous>) {
  code: 'EADDRINUSE',
  errno: -98,
  syscall: 'listen',
  address: '::',
  port: 3000
}
[?25h
Server exited with code: 1
Restarting server in 3 seconds...
Server started with PID: 2633
⨯ Failed to start server
Error: listen EADDRINUSE: address already in use :::3000
    at <unknown> (Error: listen EADDRINUSE: address already in use :::3000)
    at new Promise (<anonymous>) {
  code: 'EADDRINUSE',
  errno: -98,
  syscall: 'listen',
  address: '::',
  port: 3000
}
[?25h
Server exited with code: 1
Restarting server in 3 seconds...
Server started with PID: 2676
⨯ Failed to start server
Error: listen EADDRINUSE: address already in use :::3000
    at <unknown> (Error: listen EADDRINUSE: address already in use :::3000)
    at new Promise (<anonymous>) {
  code: 'EADDRINUSE',
  errno: -98,
  syscall: 'listen',
  address: '::',
  port: 3000
}
[?25h
Server exited with code: 1
Restarting server in 3 seconds...
Server started with PID: 2719
⨯ Failed to start server
Error: listen EADDRINUSE: address already in use :::3000
    at <unknown> (Error: listen EADDRINUSE: address already in use :::3000)
    at new Promise (<anonymous>) {
  code: 'EADDRINUSE',
  errno: -98,
  syscall: 'listen',
  address: '::',
  port: 3000
}
[?25h
Server exited with code: 1
Restarting server in 3 seconds...
Server started with PID: 2762
⨯ Failed to start server
Error: listen EADDRINUSE: address already in use :::3000
    at <unknown> (Error: listen EADDRINUSE: address already in use :::3000)
    at new Promise (<anonymous>) {
  code: 'EADDRINUSE',
  errno: -98,
  syscall: 'listen',
  address: '::',
  port: 3000
}
[?25h
Server exited with code: 1
Restarting server in 3 seconds...
Server started with PID: 2805
⨯ Failed to start server
Error: listen EADDRINUSE: address already in use :::3000
    at <unknown> (Error: listen EADDRINUSE: address already in use :::3000)
    at new Promise (<anonymous>) {
  code: 'EADDRINUSE',
  errno: -98,
  syscall: 'listen',
  address: '::',
  port: 3000
}
[?25h
Server exited with code: 1
Restarting server in 3 seconds...
Server started with PID: 2848
⨯ Failed to start server
Error: listen EADDRINUSE: address already in use :::3000
    at <unknown> (Error: listen EADDRINUSE: address already in use :::3000)
    at new Promise (<anonymous>) {
  code: 'EADDRINUSE',
  errno: -98,
  syscall: 'listen',
  address: '::',
  port: 3000
}
[?25h
Server exited with code: 1
Restarting server in 3 seconds...
Server started with PID: 2891
⨯ Failed to start server
Error: listen EADDRINUSE: address already in use :::3000
    at <unknown> (Error: listen EADDRINUSE: address already in use :::3000)
    at new Promise (<anonymous>) {
  code: 'EADDRINUSE',
  errno: -98,
  syscall: 'listen',
  address: '::',
  port: 3000
}
[?25h
Server exited with code: 1
Restarting server in 3 seconds...
Server started with PID: 2934
⨯ Failed to start server
Error: listen EADDRINUSE: address already in use :::3000
    at <unknown> (Error: listen EADDRINUSE: address already in use :::3000)
    at new Promise (<anonymous>) {
  code: 'EADDRINUSE',
  errno: -98,
  syscall: 'listen',
  address: '::',
  port: 3000
}
[?25h
Server exited with code: 1
Restarting server in 3 seconds...
Server started with PID: 2977
⨯ Failed to start server
Error: listen EADDRINUSE: address already in use :::3000
    at <unknown> (Error: listen EADDRINUSE: address already in use :::3000)
    at new Promise (<anonymous>) {
  code: 'EADDRINUSE',
  errno: -98,
  syscall: 'listen',
  address: '::',
  port: 3000
}
[?25h
Server exited with code: 1
Restarting server in 3 seconds...
Server started with PID: 3020
⨯ Failed to start server
Error: listen EADDRINUSE: address already in use :::3000
    at <unknown> (Error: listen EADDRINUSE: address already in use :::3000)
    at new Promise (<anonymous>) {
  code: 'EADDRINUSE',
  errno: -98,
  syscall: 'listen',
  address: '::',
  port: 3000
}
[?25h
Server exited with code: 1
Restarting server in 3 seconds...
Server started with PID: 3063
⨯ Failed to start server
Error: listen EADDRINUSE: address already in use :::3000
    at <unknown> (Error: listen EADDRINUSE: address already in use :::3000)
    at new Promise (<anonymous>) {
  code: 'EADDRINUSE',
  errno: -98,
  syscall: 'listen',
  address: '::',
  port: 3000
}
[?25h
Server exited with code: 1
Restarting server in 3 seconds...
Server started with PID: 3106
⨯ Failed to start server
Error: listen EADDRINUSE: address already in use :::3000
    at <unknown> (Error: listen EADDRINUSE: address already in use :::3000)
    at new Promise (<anonymous>) {
  code: 'EADDRINUSE',
  errno: -98,
  syscall: 'listen',
  address: '::',
  port: 3000
}
[?25h
Server exited with code: 1
Restarting server in 3 seconds...
Server started with PID: 3149
⨯ Failed to start server
Error: listen EADDRINUSE: address already in use :::3000
    at <unknown> (Error: listen EADDRINUSE: address already in use :::3000)
    at new Promise (<anonymous>) {
  code: 'EADDRINUSE',
  errno: -98,
  syscall: 'listen',
  address: '::',
  port: 3000
}
[?25h
Server exited with code: 1
Restarting server in 3 seconds...
Server started with PID: 3192
⨯ Failed to start server
Error: listen EADDRINUSE: address already in use :::3000
    at <unknown> (Error: listen EADDRINUSE: address already in use :::3000)
    at new Promise (<anonymous>) {
  code: 'EADDRINUSE',
  errno: -98,
  syscall: 'listen',
  address: '::',
  port: 3000
}
[?25h
Server exited with code: 1
Restarting server in 3 seconds...
Server started with PID: 3235
⨯ Failed to start server
Error: listen EADDRINUSE: address already in use :::3000
    at <unknown> (Error: listen EADDRINUSE: address already in use :::3000)
    at new Promise (<anonymous>) {
  code: 'EADDRINUSE',
  errno: -98,
  syscall: 'listen',
  address: '::',
  port: 3000
}
[?25h
Server exited with code: 1
Restarting server in 3 seconds...
Server started with PID: 3278
⨯ Failed to start server
Error: listen EADDRINUSE: address already in use :::3000
    at <unknown> (Error: listen EADDRINUSE: address already in use :::3000)
    at new Promise (<anonymous>) {
  code: 'EADDRINUSE',
  errno: -98,
  syscall: 'listen',
  address: '::',
  port: 3000
}
[?25h
Server exited with code: 1
Restarting server in 3 seconds...
Server started with PID: 3321
⨯ Failed to start server
Error: listen EADDRINUSE: address already in use :::3000
    at <unknown> (Error: listen EADDRINUSE: address already in use :::3000)
    at new Promise (<anonymous>) {
  code: 'EADDRINUSE',
  errno: -98,
  syscall: 'listen',
  address: '::',
  port: 3000
}
[?25h
Server exited with code: 1
Restarting server in 3 seconds...
Server started with PID: 3364
⨯ Failed to start server
Error: listen EADDRINUSE: address already in use :::3000
    at <unknown> (Error: listen EADDRINUSE: address already in use :::3000)
    at new Promise (<anonymous>) {
  code: 'EADDRINUSE',
  errno: -98,
  syscall: 'listen',
  address: '::',
  port: 3000
}
[?25h
Server exited with code: 1
Restarting server in 3 seconds...
Server started with PID: 3407
⨯ Failed to start server
Error: listen EADDRINUSE: address already in use :::3000
    at <unknown> (Error: listen EADDRINUSE: address already in use :::3000)
    at new Promise (<anonymous>) {
  code: 'EADDRINUSE',
  errno: -98,
  syscall: 'listen',
  address: '::',
  port: 3000
}
[?25h
Server exited with code: 1
Restarting server in 3 seconds...
Server started with PID: 3450
⨯ Failed to start server
Error: listen EADDRINUSE: address already in use :::3000
    at <unknown> (Error: listen EADDRINUSE: address already in use :::3000)
    at new Promise (<anonymous>) {
  code: 'EADDRINUSE',
  errno: -98,
  syscall: 'listen',
  address: '::',
  port: 3000
}
[?25h
Server exited with code: 1
Restarting server in 3 seconds...
Server started with PID: 3493
⨯ Failed to start server
Error: listen EADDRINUSE: address already in use :::3000
    at <unknown> (Error: listen EADDRINUSE: address already in use :::3000)
    at new Promise (<anonymous>) {
  code: 'EADDRINUSE',
  errno: -98,
  syscall: 'listen',
  address: '::',
  port: 3000
}
[?25h
Server exited with code: 1
Restarting server in 3 seconds...
Server started with PID: 3536
⨯ Failed to start server
Error: listen EADDRINUSE: address already in use :::3000
    at <unknown> (Error: listen EADDRINUSE: address already in use :::3000)
    at new Promise (<anonymous>) {
  code: 'EADDRINUSE',
  errno: -98,
  syscall: 'listen',
  address: '::',
  port: 3000
}
[?25h
Server exited with code: 1
Restarting server in 3 seconds...
Server started with PID: 3579
⨯ Failed to start server
Error: listen EADDRINUSE: address already in use :::3000
    at <unknown> (Error: listen EADDRINUSE: address already in use :::3000)
    at new Promise (<anonymous>) {
  code: 'EADDRINUSE',
  errno: -98,
  syscall: 'listen',
  address: '::',
  port: 3000
}
[?25h
Server exited with code: 1
Restarting server in 3 seconds...
Server started with PID: 3622
⨯ Failed to start server
Error: listen EADDRINUSE: address already in use :::3000
    at <unknown> (Error: listen EADDRINUSE: address already in use :::3000)
    at new Promise (<anonymous>) {
  code: 'EADDRINUSE',
  errno: -98,
  syscall: 'listen',
  address: '::',
  port: 3000
}
[?25h
Server exited with code: 1
Restarting server in 3 seconds...
Server started with PID: 3665
⨯ Failed to start server
Error: listen EADDRINUSE: address already in use :::3000
    at <unknown> (Error: listen EADDRINUSE: address already in use :::3000)
    at new Promise (<anonymous>) {
  code: 'EADDRINUSE',
  errno: -98,
  syscall: 'listen',
  address: '::',
  port: 3000
}
[?25h
Server exited with code: 1
Restarting server in 3 seconds...
Server started with PID: 3708
⨯ Failed to start server
Error: listen EADDRINUSE: address already in use :::3000
    at <unknown> (Error: listen EADDRINUSE: address already in use :::3000)
    at new Promise (<anonymous>) {
  code: 'EADDRINUSE',
  errno: -98,
  syscall: 'listen',
  address: '::',
  port: 3000
}
[?25h
Server exited with code: 1
Restarting server in 3 seconds...
Server started with PID: 3751
⨯ Failed to start server
Error: listen EADDRINUSE: address already in use :::3000
    at <unknown> (Error: listen EADDRINUSE: address already in use :::3000)
    at new Promise (<anonymous>) {
  code: 'EADDRINUSE',
  errno: -98,
  syscall: 'listen',
  address: '::',
  port: 3000
}
[?25h
Server exited with code: 1
Restarting server in 3 seconds...
Server started with PID: 3794
⨯ Failed to start server
Error: listen EADDRINUSE: address already in use :::3000
    at <unknown> (Error: listen EADDRINUSE: address already in use :::3000)
    at new Promise (<anonymous>) {
  code: 'EADDRINUSE',
  errno: -98,
  syscall: 'listen',
  address: '::',
  port: 3000
}
[?25h
Server exited with code: 1
Restarting server in 3 seconds...
Server started with PID: 3837
⨯ Failed to start server
Error: listen EADDRINUSE: address already in use :::3000
    at <unknown> (Error: listen EADDRINUSE: address already in use :::3000)
    at new Promise (<anonymous>) {
  code: 'EADDRINUSE',
  errno: -98,
  syscall: 'listen',
  address: '::',
  port: 3000
}
[?25h
Server exited with code: 1
Restarting server in 3 seconds...
Server started with PID: 3880
⨯ Failed to start server
Error: listen EADDRINUSE: address already in use :::3000
    at <unknown> (Error: listen EADDRINUSE: address already in use :::3000)
    at new Promise (<anonymous>) {
  code: 'EADDRINUSE',
  errno: -98,
  syscall: 'listen',
  address: '::',
  port: 3000
}
[?25h
Server exited with code: 1
Restarting server in 3 seconds...
Server started with PID: 3923
⨯ Failed to start server
Error: listen EADDRINUSE: address already in use :::3000
    at <unknown> (Error: listen EADDRINUSE: address already in use :::3000)
    at new Promise (<anonymous>) {
  code: 'EADDRINUSE',
  errno: -98,
  syscall: 'listen',
  address: '::',
  port: 3000
}
[?25h
Server exited with code: 1
Restarting server in 3 seconds...
Server started with PID: 3966
⨯ Failed to start server
Error: listen EADDRINUSE: address already in use :::3000
    at <unknown> (Error: listen EADDRINUSE: address already in use :::3000)
    at new Promise (<anonymous>) {
  code: 'EADDRINUSE',
  errno: -98,
  syscall: 'listen',
  address: '::',
  port: 3000
}
[?25h
Server exited with code: 1
Restarting server in 3 seconds...
Server started with PID: 4009
⨯ Failed to start server
Error: listen EADDRINUSE: address already in use :::3000
    at <unknown> (Error: listen EADDRINUSE: address already in use :::3000)
    at new Promise (<anonymous>) {
  code: 'EADDRINUSE',
  errno: -98,
  syscall: 'listen',
  address: '::',
  port: 3000
}
[?25h
Server exited with code: 1
Restarting server in 3 seconds...
Server started with PID: 4052
⨯ Failed to start server
Error: listen EADDRINUSE: address already in use :::3000
    at <unknown> (Error: listen EADDRINUSE: address already in use :::3000)
    at new Promise (<anonymous>) {
  code: 'EADDRINUSE',
  errno: -98,
  syscall: 'listen',
  address: '::',
  port: 3000
}
[?25h
Server exited with code: 1
Restarting server in 3 seconds...
Server started with PID: 4095
⨯ Failed to start server
Error: listen EADDRINUSE: address already in use :::3000
    at <unknown> (Error: listen EADDRINUSE: address already in use :::3000)
    at new Promise (<anonymous>) {
  code: 'EADDRINUSE',
  errno: -98,
  syscall: 'listen',
  address: '::',
  port: 3000
}
[?25h
Server exited with code: 1
Restarting server in 3 seconds...
Server started with PID: 4138
⨯ Failed to start server
Error: listen EADDRINUSE: address already in use :::3000
    at <unknown> (Error: listen EADDRINUSE: address already in use :::3000)
    at new Promise (<anonymous>) {
  code: 'EADDRINUSE',
  errno: -98,
  syscall: 'listen',
  address: '::',
  port: 3000
}
[?25h
Server exited with code: 1
Restarting server in 3 seconds...
Server started with PID: 4181
⨯ Failed to start server
Error: listen EADDRINUSE: address already in use :::3000
    at <unknown> (Error: listen EADDRINUSE: address already in use :::3000)
    at new Promise (<anonymous>) {
  code: 'EADDRINUSE',
  errno: -98,
  syscall: 'listen',
  address: '::',
  port: 3000
}
[?25h
Server exited with code: 1
Restarting server in 3 seconds...
Server started with PID: 4224
⨯ Failed to start server
Error: listen EADDRINUSE: address already in use :::3000
    at <unknown> (Error: listen EADDRINUSE: address already in use :::3000)
    at new Promise (<anonymous>) {
  code: 'EADDRINUSE',
  errno: -98,
  syscall: 'listen',
  address: '::',
  port: 3000
}
[?25h
Server exited with code: 1
Restarting server in 3 seconds...
Server started with PID: 4271
⨯ Failed to start server
Error: listen EADDRINUSE: address already in use :::3000
    at <unknown> (Error: listen EADDRINUSE: address already in use :::3000)
    at new Promise (<anonymous>) {
  code: 'EADDRINUSE',
  errno: -98,
  syscall: 'listen',
  address: '::',
  port: 3000
}
[?25h
Server exited with code: 1
Restarting server in 3 seconds...
Server started with PID: 4314
⨯ Failed to start server
Error: listen EADDRINUSE: address already in use :::3000
    at <unknown> (Error: listen EADDRINUSE: address already in use :::3000)
    at new Promise (<anonymous>) {
  code: 'EADDRINUSE',
  errno: -98,
  syscall: 'listen',
  address: '::',
  port: 3000
}
[?25h
Server exited with code: 1
Restarting server in 3 seconds...
Server started with PID: 4357
⨯ Failed to start server
Error: listen EADDRINUSE: address already in use :::3000
    at <unknown> (Error: listen EADDRINUSE: address already in use :::3000)
    at new Promise (<anonymous>) {
  code: 'EADDRINUSE',
  errno: -98,
  syscall: 'listen',
  address: '::',
  port: 3000
}
[?25h
Server exited with code: 1
Restarting server in 3 seconds...
Server started with PID: 4400
⨯ Failed to start server
Error: listen EADDRINUSE: address already in use :::3000
    at <unknown> (Error: listen EADDRINUSE: address already in use :::3000)
    at new Promise (<anonymous>) {
  code: 'EADDRINUSE',
  errno: -98,
  syscall: 'listen',
  address: '::',
  port: 3000
}
[?25h
Server exited with code: 1
Restarting server in 3 seconds...
Server started with PID: 4443
⨯ Failed to start server
Error: listen EADDRINUSE: address already in use :::3000
    at <unknown> (Error: listen EADDRINUSE: address already in use :::3000)
    at new Promise (<anonymous>) {
  code: 'EADDRINUSE',
  errno: -98,
  syscall: 'listen',
  address: '::',
  port: 3000
}
[?25h
Server exited with code: 1
Restarting server in 3 seconds...
Server started with PID: 4486
⨯ Failed to start server
Error: listen EADDRINUSE: address already in use :::3000
    at <unknown> (Error: listen EADDRINUSE: address already in use :::3000)
    at new Promise (<anonymous>) {
  code: 'EADDRINUSE',
  errno: -98,
  syscall: 'listen',
  address: '::',
  port: 3000
}
[?25h
Server exited with code: 1
Restarting server in 3 seconds...
Server started with PID: 4530
⨯ Failed to start server
Error: listen EADDRINUSE: address already in use :::3000
    at <unknown> (Error: listen EADDRINUSE: address already in use :::3000)
    at new Promise (<anonymous>) {
  code: 'EADDRINUSE',
  errno: -98,
  syscall: 'listen',
  address: '::',
  port: 3000
}
[?25h
Server exited with code: 1
Restarting server in 3 seconds...
Server started with PID: 4573
⨯ Failed to start server
Error: listen EADDRINUSE: address already in use :::3000
    at <unknown> (Error: listen EADDRINUSE: address already in use :::3000)
    at new Promise (<anonymous>) {
  code: 'EADDRINUSE',
  errno: -98,
  syscall: 'listen',
  address: '::',
  port: 3000
}
[?25h
Server exited with code: 1
Restarting server in 3 seconds...
Server started with PID: 4619
⨯ Failed to start server
Error: listen EADDRINUSE: address already in use :::3000
    at <unknown> (Error: listen EADDRINUSE: address already in use :::3000)
    at new Promise (<anonymous>) {
  code: 'EADDRINUSE',
  errno: -98,
  syscall: 'listen',
  address: '::',
  port: 3000
}
[?25h
Server exited with code: 1
Restarting server in 3 seconds...
Server started with PID: 4662
⨯ Failed to start server
Error: listen EADDRINUSE: address already in use :::3000
    at <unknown> (Error: listen EADDRINUSE: address already in use :::3000)
    at new Promise (<anonymous>) {
  code: 'EADDRINUSE',
  errno: -98,
  syscall: 'listen',
  address: '::',
  port: 3000
}
[?25h
Server exited with code: 1
Restarting server in 3 seconds...
Server started with PID: 4705
⨯ Failed to start server
Error: listen EADDRINUSE: address already in use :::3000
    at <unknown> (Error: listen EADDRINUSE: address already in use :::3000)
    at new Promise (<anonymous>) {
  code: 'EADDRINUSE',
  errno: -98,
  syscall: 'listen',
  address: '::',
  port: 3000
}
[?25h
Server exited with code: 1
Restarting server in 3 seconds...
Server started with PID: 4748
⨯ Failed to start server
Error: listen EADDRINUSE: address already in use :::3000
    at <unknown> (Error: listen EADDRINUSE: address already in use :::3000)
    at new Promise (<anonymous>) {
  code: 'EADDRINUSE',
  errno: -98,
  syscall: 'listen',
  address: '::',
  port: 3000
}
[?25h
Server exited with code: 1
Restarting server in 3 seconds...
Server started with PID: 4791
⨯ Failed to start server
Error: listen EADDRINUSE: address already in use :::3000
    at <unknown> (Error: listen EADDRINUSE: address already in use :::3000)
    at new Promise (<anonymous>) {
  code: 'EADDRINUSE',
  errno: -98,
  syscall: 'listen',
  address: '::',
  port: 3000
}
[?25h
Server exited with code: 1
Restarting server in 3 seconds...
Server started with PID: 4834
⨯ Failed to start server
Error: listen EADDRINUSE: address already in use :::3000
    at <unknown> (Error: listen EADDRINUSE: address already in use :::3000)
    at new Promise (<anonymous>) {
  code: 'EADDRINUSE',
  errno: -98,
  syscall: 'listen',
  address: '::',
  port: 3000
}
[?25h
Server exited with code: 1
Restarting server in 3 seconds...
Server started with PID: 4877
⨯ Failed to start server
Error: listen EADDRINUSE: address already in use :::3000
    at <unknown> (Error: listen EADDRINUSE: address already in use :::3000)
    at new Promise (<anonymous>) {
  code: 'EADDRINUSE',
  errno: -98,
  syscall: 'listen',
  address: '::',
  port: 3000
}
[?25h
Server exited with code: 1
Restarting server in 3 seconds...
Server started with PID: 4924
⨯ Failed to start server
Error: listen EADDRINUSE: address already in use :::3000
    at <unknown> (Error: listen EADDRINUSE: address already in use :::3000)
    at new Promise (<anonymous>) {
  code: 'EADDRINUSE',
  errno: -98,
  syscall: 'listen',
  address: '::',
  port: 3000
}
[?25h
Server exited with code: 1
Restarting server in 3 seconds...
Server started with PID: 4967
⨯ Failed to start server
Error: listen EADDRINUSE: address already in use :::3000
    at <unknown> (Error: listen EADDRINUSE: address already in use :::3000)
    at new Promise (<anonymous>) {
  code: 'EADDRINUSE',
  errno: -98,
  syscall: 'listen',
  address: '::',
  port: 3000
}
[?25h
Server exited with code: 1
Restarting server in 3 seconds...
Server started with PID: 5011
⨯ Failed to start server
Error: listen EADDRINUSE: address already in use :::3000
    at <unknown> (Error: listen EADDRINUSE: address already in use :::3000)
    at new Promise (<anonymous>) {
  code: 'EADDRINUSE',
  errno: -98,
  syscall: 'listen',
  address: '::',
  port: 3000
}
[?25h
Server exited with code: 1
Restarting server in 3 seconds...
Server started with PID: 5054
⨯ Failed to start server
Error: listen EADDRINUSE: address already in use :::3000
    at <unknown> (Error: listen EADDRINUSE: address already in use :::3000)
    at new Promise (<anonymous>) {
  code: 'EADDRINUSE',
  errno: -98,
  syscall: 'listen',
  address: '::',
  port: 3000
}
[?25h
Server exited with code: 1
Restarting server in 3 seconds...
Server started with PID: 5100
⨯ Failed to start server
Error: listen EADDRINUSE: address already in use :::3000
    at <unknown> (Error: listen EADDRINUSE: address already in use :::3000)
    at new Promise (<anonymous>) {
  code: 'EADDRINUSE',
  errno: -98,
  syscall: 'listen',
  address: '::',
  port: 3000
}
[?25h
Server exited with code: 1
Restarting server in 3 seconds...
Server started with PID: 5143
⨯ Failed to start server
Error: listen EADDRINUSE: address already in use :::3000
    at <unknown> (Error: listen EADDRINUSE: address already in use :::3000)
    at new Promise (<anonymous>) {
  code: 'EADDRINUSE',
  errno: -98,
  syscall: 'listen',
  address: '::',
  port: 3000
}
[?25h
Server exited with code: 1
Restarting server in 3 seconds...
Server started with PID: 5186
⨯ Failed to start server
Error: listen EADDRINUSE: address already in use :::3000
    at <unknown> (Error: listen EADDRINUSE: address already in use :::3000)
    at new Promise (<anonymous>) {
  code: 'EADDRINUSE',
  errno: -98,
  syscall: 'listen',
  address: '::',
  port: 3000
}
[?25h
Server exited with code: 1
Restarting server in 3 seconds...
Server started with PID: 5229
⨯ Failed to start server
Error: listen EADDRINUSE: address already in use :::3000
    at <unknown> (Error: listen EADDRINUSE: address already in use :::3000)
    at new Promise (<anonymous>) {
  code: 'EADDRINUSE',
  errno: -98,
  syscall: 'listen',
  address: '::',
  port: 3000
}
[?25h
Server exited with code: 1
Restarting server in 3 seconds...
Server started with PID: 5272
⨯ Failed to start server
Error: listen EADDRINUSE: address already in use :::3000
    at <unknown> (Error: listen EADDRINUSE: address already in use :::3000)
    at new Promise (<anonymous>) {
  code: 'EADDRINUSE',
  errno: -98,
  syscall: 'listen',
  address: '::',
  port: 3000
}
[?25h
Server exited with code: 1
Restarting server in 3 seconds...
Server started with PID: 5321
⨯ Failed to start server
Error: listen EADDRINUSE: address already in use :::3000
    at <unknown> (Error: listen EADDRINUSE: address already in use :::3000)
    at new Promise (<anonymous>) {
  code: 'EADDRINUSE',
  errno: -98,
  syscall: 'listen',
  address: '::',
  port: 3000
}
[?25h
Server exited with code: 1
Restarting server in 3 seconds...
Server started with PID: 5364
⨯ Failed to start server
Error: listen EADDRINUSE: address already in use :::3000
    at <unknown> (Error: listen EADDRINUSE: address already in use :::3000)
    at new Promise (<anonymous>) {
  code: 'EADDRINUSE',
  errno: -98,
  syscall: 'listen',
  address: '::',
  port: 3000
}
[?25h
Server exited with code: 1
Restarting server in 3 seconds...
Server started with PID: 5407
⨯ Failed to start server
Error: listen EADDRINUSE: address already in use :::3000
    at <unknown> (Error: listen EADDRINUSE: address already in use :::3000)
    at new Promise (<anonymous>) {
  code: 'EADDRINUSE',
  errno: -98,
  syscall: 'listen',
  address: '::',
  port: 3000
}
[?25h
Server exited with code: 1
Restarting server in 3 seconds...
Server started with PID: 5450
⨯ Failed to start server
Error: listen EADDRINUSE: address already in use :::3000
    at <unknown> (Error: listen EADDRINUSE: address already in use :::3000)
    at new Promise (<anonymous>) {
  code: 'EADDRINUSE',
  errno: -98,
  syscall: 'listen',
  address: '::',
  port: 3000
}
[?25h
Server exited with code: 1
Restarting server in 3 seconds...
Server started with PID: 5509
⨯ Failed to start server
Error: listen EADDRINUSE: address already in use :::3000
    at <unknown> (Error: listen EADDRINUSE: address already in use :::3000)
    at new Promise (<anonymous>) {
  code: 'EADDRINUSE',
  errno: -98,
  syscall: 'listen',
  address: '::',
  port: 3000
}
[?25h
Server exited with code: 1
Restarting server in 3 seconds...
Server started with PID: 5552
⨯ Failed to start server
Error: listen EADDRINUSE: address already in use :::3000
    at <unknown> (Error: listen EADDRINUSE: address already in use :::3000)
    at new Promise (<anonymous>) {
  code: 'EADDRINUSE',
  errno: -98,
  syscall: 'listen',
  address: '::',
  port: 3000
}
[?25h
Server exited with code: 1
Restarting server in 3 seconds...
Server started with PID: 5596
⨯ Failed to start server
Error: listen EADDRINUSE: address already in use :::3000
    at <unknown> (Error: listen EADDRINUSE: address already in use :::3000)
    at new Promise (<anonymous>) {
  code: 'EADDRINUSE',
  errno: -98,
  syscall: 'listen',
  address: '::',
  port: 3000
}
[?25h
Server exited with code: 1
Restarting server in 3 seconds...
Server started with PID: 5639
⨯ Failed to start server
Error: listen EADDRINUSE: address already in use :::3000
    at <unknown> (Error: listen EADDRINUSE: address already in use :::3000)
    at new Promise (<anonymous>) {
  code: 'EADDRINUSE',
  errno: -98,
  syscall: 'listen',
  address: '::',
  port: 3000
}
[?25h
Server exited with code: 1
Restarting server in 3 seconds...
Server started with PID: 5688
⨯ Failed to start server
Error: listen EADDRINUSE: address already in use :::3000
    at <unknown> (Error: listen EADDRINUSE: address already in use :::3000)
    at new Promise (<anonymous>) {
  code: 'EADDRINUSE',
  errno: -98,
  syscall: 'listen',
  address: '::',
  port: 3000
}
[?25h
Server exited with code: 1
Restarting server in 3 seconds...
Server started with PID: 5731
⨯ Failed to start server
Error: listen EADDRINUSE: address already in use :::3000
    at <unknown> (Error: listen EADDRINUSE: address already in use :::3000)
    at new Promise (<anonymous>) {
  code: 'EADDRINUSE',
  errno: -98,
  syscall: 'listen',
  address: '::',
  port: 3000
}
[?25h
Server exited with code: 1
Restarting server in 3 seconds...
Server started with PID: 5790
⨯ Failed to start server
Error: listen EADDRINUSE: address already in use :::3000
    at <unknown> (Error: listen EADDRINUSE: address already in use :::3000)
    at new Promise (<anonymous>) {
  code: 'EADDRINUSE',
  errno: -98,
  syscall: 'listen',
  address: '::',
  port: 3000
}
[?25h
Server exited with code: 1
Restarting server in 3 seconds...
Server started with PID: 5833
⨯ Failed to start server
Error: listen EADDRINUSE: address already in use :::3000
    at <unknown> (Error: listen EADDRINUSE: address already in use :::3000)
    at new Promise (<anonymous>) {
  code: 'EADDRINUSE',
  errno: -98,
  syscall: 'listen',
  address: '::',
  port: 3000
}
[?25h
Server exited with code: 1
Restarting server in 3 seconds...
Server started with PID: 5876
⨯ Failed to start server
Error: listen EADDRINUSE: address already in use :::3000
    at <unknown> (Error: listen EADDRINUSE: address already in use :::3000)
    at new Promise (<anonymous>) {
  code: 'EADDRINUSE',
  errno: -98,
  syscall: 'listen',
  address: '::',
  port: 3000
}
[?25h
Server exited with code: 1
Restarting server in 3 seconds...
Server started with PID: 5919
⨯ Failed to start server
Error: listen EADDRINUSE: address already in use :::3000
    at <unknown> (Error: listen EADDRINUSE: address already in use :::3000)
    at new Promise (<anonymous>) {
  code: 'EADDRINUSE',
  errno: -98,
  syscall: 'listen',
  address: '::',
  port: 3000
}
[?25h
Server exited with code: 1
Restarting server in 3 seconds...
Server started with PID: 5962
⨯ Failed to start server
Error: listen EADDRINUSE: address already in use :::3000
    at <unknown> (Error: listen EADDRINUSE: address already in use :::3000)
    at new Promise (<anonymous>) {
  code: 'EADDRINUSE',
  errno: -98,
  syscall: 'listen',
  address: '::',
  port: 3000
}
[?25h
Server exited with code: 1
Restarting server in 3 seconds...
Server started with PID: 6005
⨯ Failed to start server
Error: listen EADDRINUSE: address already in use :::3000
    at <unknown> (Error: listen EADDRINUSE: address already in use :::3000)
    at new Promise (<anonymous>) {
  code: 'EADDRINUSE',
  errno: -98,
  syscall: 'listen',
  address: '::',
  port: 3000
}
[?25h
Server exited with code: 1
Restarting server in 3 seconds...
Server started with PID: 6048
⨯ Failed to start server
Error: listen EADDRINUSE: address already in use :::3000
    at <unknown> (Error: listen EADDRINUSE: address already in use :::3000)
    at new Promise (<anonymous>) {
  code: 'EADDRINUSE',
  errno: -98,
  syscall: 'listen',
  address: '::',
  port: 3000
}
[?25h
Server exited with code: 1
Restarting server in 3 seconds...
Server started with PID: 6091
⨯ Failed to start server
Error: listen EADDRINUSE: address already in use :::3000
    at <unknown> (Error: listen EADDRINUSE: address already in use :::3000)
    at new Promise (<anonymous>) {
  code: 'EADDRINUSE',
  errno: -98,
  syscall: 'listen',
  address: '::',
  port: 3000
}
[?25h
Server exited with code: 1
Restarting server in 3 seconds...
Server started with PID: 6134
⨯ Failed to start server
Error: listen EADDRINUSE: address already in use :::3000
    at <unknown> (Error: listen EADDRINUSE: address already in use :::3000)
    at new Promise (<anonymous>) {
  code: 'EADDRINUSE',
  errno: -98,
  syscall: 'listen',
  address: '::',
  port: 3000
}
[?25h
Server exited with code: 1
Restarting server in 3 seconds...
Server started with PID: 6177
⨯ Failed to start server
Error: listen EADDRINUSE: address already in use :::3000
    at <unknown> (Error: listen EADDRINUSE: address already in use :::3000)
    at new Promise (<anonymous>) {
  code: 'EADDRINUSE',
  errno: -98,
  syscall: 'listen',
  address: '::',
  port: 3000
}
[?25h
Server exited with code: 1
Restarting server in 3 seconds...
Server started with PID: 6220
⨯ Failed to start server
Error: listen EADDRINUSE: address already in use :::3000
    at <unknown> (Error: listen EADDRINUSE: address already in use :::3000)
    at new Promise (<anonymous>) {
  code: 'EADDRINUSE',
  errno: -98,
  syscall: 'listen',
  address: '::',
  port: 3000
}
[?25h
Server exited with code: 1
Restarting server in 3 seconds...
Server started with PID: 6263
⨯ Failed to start server
Error: listen EADDRINUSE: address already in use :::3000
    at <unknown> (Error: listen EADDRINUSE: address already in use :::3000)
    at new Promise (<anonymous>) {
  code: 'EADDRINUSE',
  errno: -98,
  syscall: 'listen',
  address: '::',
  port: 3000
}
[?25h
Server exited with code: 1
Restarting server in 3 seconds...
Server started with PID: 6306
⨯ Failed to start server
Error: listen EADDRINUSE: address already in use :::3000
    at <unknown> (Error: listen EADDRINUSE: address already in use :::3000)
    at new Promise (<anonymous>) {
  code: 'EADDRINUSE',
  errno: -98,
  syscall: 'listen',
  address: '::',
  port: 3000
}
[?25h
Server exited with code: 1
Restarting server in 3 seconds...
Server started with PID: 6349
⨯ Failed to start server
Error: listen EADDRINUSE: address already in use :::3000
    at <unknown> (Error: listen EADDRINUSE: address already in use :::3000)
    at new Promise (<anonymous>) {
  code: 'EADDRINUSE',
  errno: -98,
  syscall: 'listen',
  address: '::',
  port: 3000
}
[?25h
Server exited with code: 1
Restarting server in 3 seconds...
Server started with PID: 6392
⨯ Failed to start server
Error: listen EADDRINUSE: address already in use :::3000
    at <unknown> (Error: listen EADDRINUSE: address already in use :::3000)
    at new Promise (<anonymous>) {
  code: 'EADDRINUSE',
  errno: -98,
  syscall: 'listen',
  address: '::',
  port: 3000
}
[?25h
Server exited with code: 1
Restarting server in 3 seconds...
Server started with PID: 6435
⨯ Failed to start server
Error: listen EADDRINUSE: address already in use :::3000
    at <unknown> (Error: listen EADDRINUSE: address already in use :::3000)
    at new Promise (<anonymous>) {
  code: 'EADDRINUSE',
  errno: -98,
  syscall: 'listen',
  address: '::',
  port: 3000
}
[?25h
Server exited with code: 1
Restarting server in 3 seconds...
Server started with PID: 6478
⨯ Failed to start server
Error: listen EADDRINUSE: address already in use :::3000
    at <unknown> (Error: listen EADDRINUSE: address already in use :::3000)
    at new Promise (<anonymous>) {
  code: 'EADDRINUSE',
  errno: -98,
  syscall: 'listen',
  address: '::',
  port: 3000
}
[?25h
Server exited with code: 1
Restarting server in 3 seconds...
Server started with PID: 6521
⨯ Failed to start server
Error: listen EADDRINUSE: address already in use :::3000
    at <unknown> (Error: listen EADDRINUSE: address already in use :::3000)
    at new Promise (<anonymous>) {
  code: 'EADDRINUSE',
  errno: -98,
  syscall: 'listen',
  address: '::',
  port: 3000
}
[?25h
Server exited with code: 1
Restarting server in 3 seconds...
Server started with PID: 6564
⨯ Failed to start server
Error: listen EADDRINUSE: address already in use :::3000
    at <unknown> (Error: listen EADDRINUSE: address already in use :::3000)
    at new Promise (<anonymous>) {
  code: 'EADDRINUSE',
  errno: -98,
  syscall: 'listen',
  address: '::',
  port: 3000
}
[?25h
Server exited with code: 1
Restarting server in 3 seconds...
Server started with PID: 6607
⨯ Failed to start server
Error: listen EADDRINUSE: address already in use :::3000
    at <unknown> (Error: listen EADDRINUSE: address already in use :::3000)
    at new Promise (<anonymous>) {
  code: 'EADDRINUSE',
  errno: -98,
  syscall: 'listen',
  address: '::',
  port: 3000
}
[?25h
Server exited with code: 1
Restarting server in 3 seconds...
Server started with PID: 6650
⨯ Failed to start server
Error: listen EADDRINUSE: address already in use :::3000
    at <unknown> (Error: listen EADDRINUSE: address already in use :::3000)
    at new Promise (<anonymous>) {
  code: 'EADDRINUSE',
  errno: -98,
  syscall: 'listen',
  address: '::',
  port: 3000
}
[?25h
Server exited with code: 1
Restarting server in 3 seconds...
Server started with PID: 6693
⨯ Failed to start server
Error: listen EADDRINUSE: address already in use :::3000
    at <unknown> (Error: listen EADDRINUSE: address already in use :::3000)
    at new Promise (<anonymous>) {
  code: 'EADDRINUSE',
  errno: -98,
  syscall: 'listen',
  address: '::',
  port: 3000
}
[?25h
Server exited with code: 1
Restarting server in 3 seconds...
Server started with PID: 6736
⨯ Failed to start server
Error: listen EADDRINUSE: address already in use :::3000
    at <unknown> (Error: listen EADDRINUSE: address already in use :::3000)
    at new Promise (<anonymous>) {
  code: 'EADDRINUSE',
  errno: -98,
  syscall: 'listen',
  address: '::',
  port: 3000
}
[?25h
Server exited with code: 1
Restarting server in 3 seconds...
Server started with PID: 6779
⨯ Failed to start server
Error: listen EADDRINUSE: address already in use :::3000
    at <unknown> (Error: listen EADDRINUSE: address already in use :::3000)
    at new Promise (<anonymous>) {
  code: 'EADDRINUSE',
  errno: -98,
  syscall: 'listen',
  address: '::',
  port: 3000
}
[?25h
Server exited with code: 1
Restarting server in 3 seconds...
Server started with PID: 6822
⨯ Failed to start server
Error: listen EADDRINUSE: address already in use :::3000
    at <unknown> (Error: listen EADDRINUSE: address already in use :::3000)
    at new Promise (<anonymous>) {
  code: 'EADDRINUSE',
  errno: -98,
  syscall: 'listen',
  address: '::',
  port: 3000
}
[?25h
Server exited with code: 1
Restarting server in 3 seconds...
Server started with PID: 6865
⨯ Failed to start server
Error: listen EADDRINUSE: address already in use :::3000
    at <unknown> (Error: listen EADDRINUSE: address already in use :::3000)
    at new Promise (<anonymous>) {
  code: 'EADDRINUSE',
  errno: -98,
  syscall: 'listen',
  address: '::',
  port: 3000
}
[?25h
Server exited with code: 1
Restarting server in 3 seconds...
Server started with PID: 6908
⨯ Failed to start server
Error: listen EADDRINUSE: address already in use :::3000
    at <unknown> (Error: listen EADDRINUSE: address already in use :::3000)
    at new Promise (<anonymous>) {
  code: 'EADDRINUSE',
  errno: -98,
  syscall: 'listen',
  address: '::',
  port: 3000
}
[?25h
Server exited with code: 1
Restarting server in 3 seconds...
Server started with PID: 6951
⨯ Failed to start server
Error: listen EADDRINUSE: address already in use :::3000
    at <unknown> (Error: listen EADDRINUSE: address already in use :::3000)
    at new Promise (<anonymous>) {
  code: 'EADDRINUSE',
  errno: -98,
  syscall: 'listen',
  address: '::',
  port: 3000
}
[?25h
Server exited with code: 1
Restarting server in 3 seconds...
Server started with PID: 6994
⨯ Failed to start server
Error: listen EADDRINUSE: address already in use :::3000
    at <unknown> (Error: listen EADDRINUSE: address already in use :::3000)
    at new Promise (<anonymous>) {
  code: 'EADDRINUSE',
  errno: -98,
  syscall: 'listen',
  address: '::',
  port: 3000
}
[?25h
Server exited with code: 1
Restarting server in 3 seconds...
Server started with PID: 7037
⨯ Failed to start server
Error: listen EADDRINUSE: address already in use :::3000
    at <unknown> (Error: listen EADDRINUSE: address already in use :::3000)
    at new Promise (<anonymous>) {
  code: 'EADDRINUSE',
  errno: -98,
  syscall: 'listen',
  address: '::',
  port: 3000
}
[?25h
Server exited with code: 1
Restarting server in 3 seconds...
Server started with PID: 7080
⨯ Failed to start server
Error: listen EADDRINUSE: address already in use :::3000
    at <unknown> (Error: listen EADDRINUSE: address already in use :::3000)
    at new Promise (<anonymous>) {
  code: 'EADDRINUSE',
  errno: -98,
  syscall: 'listen',
  address: '::',
  port: 3000
}
[?25h
Server exited with code: 1
Restarting server in 3 seconds...
Server started with PID: 7123
⨯ Failed to start server
Error: listen EADDRINUSE: address already in use :::3000
    at <unknown> (Error: listen EADDRINUSE: address already in use :::3000)
    at new Promise (<anonymous>) {
  code: 'EADDRINUSE',
  errno: -98,
  syscall: 'listen',
  address: '::',
  port: 3000
}
[?25h
Server exited with code: 1
Restarting server in 3 seconds...
Server started with PID: 7166
⨯ Failed to start server
Error: listen EADDRINUSE: address already in use :::3000
    at <unknown> (Error: listen EADDRINUSE: address already in use :::3000)
    at new Promise (<anonymous>) {
  code: 'EADDRINUSE',
  errno: -98,
  syscall: 'listen',
  address: '::',
  port: 3000
}
[?25h
Server exited with code: 1
Restarting server in 3 seconds...
Server started with PID: 7209
⨯ Failed to start server
Error: listen EADDRINUSE: address already in use :::3000
    at <unknown> (Error: listen EADDRINUSE: address already in use :::3000)
    at new Promise (<anonymous>) {
  code: 'EADDRINUSE',
  errno: -98,
  syscall: 'listen',
  address: '::',
  port: 3000
}
[?25h
Server exited with code: 1
Restarting server in 3 seconds...
Server started with PID: 7252
⨯ Failed to start server
Error: listen EADDRINUSE: address already in use :::3000
    at <unknown> (Error: listen EADDRINUSE: address already in use :::3000)
    at new Promise (<anonymous>) {
  code: 'EADDRINUSE',
  errno: -98,
  syscall: 'listen',
  address: '::',
  port: 3000
}
[?25h
Server exited with code: 1
Restarting server in 3 seconds...
Server started with PID: 7295
⨯ Failed to start server
Error: listen EADDRINUSE: address already in use :::3000
    at <unknown> (Error: listen EADDRINUSE: address already in use :::3000)
    at new Promise (<anonymous>) {
  code: 'EADDRINUSE',
  errno: -98,
  syscall: 'listen',
  address: '::',
  port: 3000
}
[?25h
Server exited with code: 1
Restarting server in 3 seconds...
Server started with PID: 7338
⨯ Failed to start server
Error: listen EADDRINUSE: address already in use :::3000
    at <unknown> (Error: listen EADDRINUSE: address already in use :::3000)
    at new Promise (<anonymous>) {
  code: 'EADDRINUSE',
  errno: -98,
  syscall: 'listen',
  address: '::',
  port: 3000
}
[?25h
Server exited with code: 1
Restarting server in 3 seconds...
Server started with PID: 7381
⨯ Failed to start server
Error: listen EADDRINUSE: address already in use :::3000
    at <unknown> (Error: listen EADDRINUSE: address already in use :::3000)
    at new Promise (<anonymous>) {
  code: 'EADDRINUSE',
  errno: -98,
  syscall: 'listen',
  address: '::',
  port: 3000
}
[?25h
Server exited with code: 1
Restarting server in 3 seconds...
Server started with PID: 7424
⨯ Failed to start server
Error: listen EADDRINUSE: address already in use :::3000
    at <unknown> (Error: listen EADDRINUSE: address already in use :::3000)
    at new Promise (<anonymous>) {
  code: 'EADDRINUSE',
  errno: -98,
  syscall: 'listen',
  address: '::',
  port: 3000
}
[?25h
Server exited with code: 1
Restarting server in 3 seconds...
Server started with PID: 7467
⨯ Failed to start server
Error: listen EADDRINUSE: address already in use :::3000
    at <unknown> (Error: listen EADDRINUSE: address already in use :::3000)
    at new Promise (<anonymous>) {
  code: 'EADDRINUSE',
  errno: -98,
  syscall: 'listen',
  address: '::',
  port: 3000
}
[?25h
Server exited with code: 1
Restarting server in 3 seconds...
Server started with PID: 7510
⨯ Failed to start server
Error: listen EADDRINUSE: address already in use :::3000
    at <unknown> (Error: listen EADDRINUSE: address already in use :::3000)
    at new Promise (<anonymous>) {
  code: 'EADDRINUSE',
  errno: -98,
  syscall: 'listen',
  address: '::',
  port: 3000
}
[?25h
Server exited with code: 1
Restarting server in 3 seconds...
Server started with PID: 7553
⨯ Failed to start server
Error: listen EADDRINUSE: address already in use :::3000
    at <unknown> (Error: listen EADDRINUSE: address already in use :::3000)
    at new Promise (<anonymous>) {
  code: 'EADDRINUSE',
  errno: -98,
  syscall: 'listen',
  address: '::',
  port: 3000
}
[?25h
Server exited with code: 1
Restarting server in 3 seconds...
Server started with PID: 7596
⨯ Failed to start server
Error: listen EADDRINUSE: address already in use :::3000
    at <unknown> (Error: listen EADDRINUSE: address already in use :::3000)
    at new Promise (<anonymous>) {
  code: 'EADDRINUSE',
  errno: -98,
  syscall: 'listen',
  address: '::',
  port: 3000
}
[?25h
Server exited with code: 1
Restarting server in 3 seconds...
Server started with PID: 7639
⨯ Failed to start server
Error: listen EADDRINUSE: address already in use :::3000
    at <unknown> (Error: listen EADDRINUSE: address already in use :::3000)
    at new Promise (<anonymous>) {
  code: 'EADDRINUSE',
  errno: -98,
  syscall: 'listen',
  address: '::',
  port: 3000
}
[?25h
Server exited with code: 1
Restarting server in 3 seconds...
Server started with PID: 7683
⨯ Failed to start server
Error: listen EADDRINUSE: address already in use :::3000
    at <unknown> (Error: listen EADDRINUSE: address already in use :::3000)
    at new Promise (<anonymous>) {
  code: 'EADDRINUSE',
  errno: -98,
  syscall: 'listen',
  address: '::',
  port: 3000
}
[?25h
Server exited with code: 1
Restarting server in 3 seconds...
Server started with PID: 7726
⨯ Failed to start server
Error: listen EADDRINUSE: address already in use :::3000
    at <unknown> (Error: listen EADDRINUSE: address already in use :::3000)
    at new Promise (<anonymous>) {
  code: 'EADDRINUSE',
  errno: -98,
  syscall: 'listen',
  address: '::',
  port: 3000
}
[?25h
Server exited with code: 1
Restarting server in 3 seconds...
Server started with PID: 7769
⨯ Failed to start server
Error: listen EADDRINUSE: address already in use :::3000
    at <unknown> (Error: listen EADDRINUSE: address already in use :::3000)
    at new Promise (<anonymous>) {
  code: 'EADDRINUSE',
  errno: -98,
  syscall: 'listen',
  address: '::',
  port: 3000
}
[?25h
Server exited with code: 1
Restarting server in 3 seconds...
Server started with PID: 7812
⨯ Failed to start server
Error: listen EADDRINUSE: address already in use :::3000
    at <unknown> (Error: listen EADDRINUSE: address already in use :::3000)
    at new Promise (<anonymous>) {
  code: 'EADDRINUSE',
  errno: -98,
  syscall: 'listen',
  address: '::',
  port: 3000
}
[?25h
Server exited with code: 1
Restarting server in 3 seconds...
Server started with PID: 7855
⨯ Failed to start server
Error: listen EADDRINUSE: address already in use :::3000
    at <unknown> (Error: listen EADDRINUSE: address already in use :::3000)
    at new Promise (<anonymous>) {
  code: 'EADDRINUSE',
  errno: -98,
  syscall: 'listen',
  address: '::',
  port: 3000
}
[?25h
Server exited with code: 1
Restarting server in 3 seconds...
Server started with PID: 7898
⨯ Failed to start server
Error: listen EADDRINUSE: address already in use :::3000
    at <unknown> (Error: listen EADDRINUSE: address already in use :::3000)
    at new Promise (<anonymous>) {
  code: 'EADDRINUSE',
  errno: -98,
  syscall: 'listen',
  address: '::',
  port: 3000
}
[?25h
Server exited with code: 1
Restarting server in 3 seconds...
Server started with PID: 7941
⨯ Failed to start server
Error: listen EADDRINUSE: address already in use :::3000
    at <unknown> (Error: listen EADDRINUSE: address already in use :::3000)
    at new Promise (<anonymous>) {
  code: 'EADDRINUSE',
  errno: -98,
  syscall: 'listen',
  address: '::',
  port: 3000
}
[?25h
Server exited with code: 1
Restarting server in 3 seconds...
Server started with PID: 7984
⨯ Failed to start server
Error: listen EADDRINUSE: address already in use :::3000
    at <unknown> (Error: listen EADDRINUSE: address already in use :::3000)
    at new Promise (<anonymous>) {
  code: 'EADDRINUSE',
  errno: -98,
  syscall: 'listen',
  address: '::',
  port: 3000
}
[?25h
Server exited with code: 1
Restarting server in 3 seconds...
Server started with PID: 8027
⨯ Failed to start server
Error: listen EADDRINUSE: address already in use :::3000
    at <unknown> (Error: listen EADDRINUSE: address already in use :::3000)
    at new Promise (<anonymous>) {
  code: 'EADDRINUSE',
  errno: -98,
  syscall: 'listen',
  address: '::',
  port: 3000
}
[?25h
Server exited with code: 1
Restarting server in 3 seconds...
Server started with PID: 8070
⨯ Failed to start server
Error: listen EADDRINUSE: address already in use :::3000
    at <unknown> (Error: listen EADDRINUSE: address already in use :::3000)
    at new Promise (<anonymous>) {
  code: 'EADDRINUSE',
  errno: -98,
  syscall: 'listen',
  address: '::',
  port: 3000
}
[?25h
Server exited with code: 1
Restarting server in 3 seconds...
Server started with PID: 8113
⨯ Failed to start server
Error: listen EADDRINUSE: address already in use :::3000
    at <unknown> (Error: listen EADDRINUSE: address already in use :::3000)
    at new Promise (<anonymous>) {
  code: 'EADDRINUSE',
  errno: -98,
  syscall: 'listen',
  address: '::',
  port: 3000
}
[?25h
Server exited with code: 1
Restarting server in 3 seconds...
Server started with PID: 8156
⨯ Failed to start server
Error: listen EADDRINUSE: address already in use :::3000
    at <unknown> (Error: listen EADDRINUSE: address already in use :::3000)
    at new Promise (<anonymous>) {
  code: 'EADDRINUSE',
  errno: -98,
  syscall: 'listen',
  address: '::',
  port: 3000
}
[?25h
Server exited with code: 1
Restarting server in 3 seconds...
Server started with PID: 8199
⨯ Failed to start server
Error: listen EADDRINUSE: address already in use :::3000
    at <unknown> (Error: listen EADDRINUSE: address already in use :::3000)
    at new Promise (<anonymous>) {
  code: 'EADDRINUSE',
  errno: -98,
  syscall: 'listen',
  address: '::',
  port: 3000
}
[?25h
Server exited with code: 1
Restarting server in 3 seconds...
Server started with PID: 8242
⨯ Failed to start server
Error: listen EADDRINUSE: address already in use :::3000
    at <unknown> (Error: listen EADDRINUSE: address already in use :::3000)
    at new Promise (<anonymous>) {
  code: 'EADDRINUSE',
  errno: -98,
  syscall: 'listen',
  address: '::',
  port: 3000
}
[?25h
Server exited with code: 1
Restarting server in 3 seconds...
Server started with PID: 8285
⨯ Failed to start server
Error: listen EADDRINUSE: address already in use :::3000
    at <unknown> (Error: listen EADDRINUSE: address already in use :::3000)
    at new Promise (<anonymous>) {
  code: 'EADDRINUSE',
  errno: -98,
  syscall: 'listen',
  address: '::',
  port: 3000
}
[?25h
Server exited with code: 1
Restarting server in 3 seconds...
Server started with PID: 8329
⨯ Failed to start server
Error: listen EADDRINUSE: address already in use :::3000
    at <unknown> (Error: listen EADDRINUSE: address already in use :::3000)
    at new Promise (<anonymous>) {
  code: 'EADDRINUSE',
  errno: -98,
  syscall: 'listen',
  address: '::',
  port: 3000
}
[?25h
Server exited with code: 1
Restarting server in 3 seconds...
Server started with PID: 8373
⨯ Failed to start server
Error: listen EADDRINUSE: address already in use :::3000
    at <unknown> (Error: listen EADDRINUSE: address already in use :::3000)
    at new Promise (<anonymous>) {
  code: 'EADDRINUSE',
  errno: -98,
  syscall: 'listen',
  address: '::',
  port: 3000
}
[?25h
Server exited with code: 1
Restarting server in 3 seconds...
Server started with PID: 8417
⨯ Failed to start server
Error: listen EADDRINUSE: address already in use :::3000
    at <unknown> (Error: listen EADDRINUSE: address already in use :::3000)
    at new Promise (<anonymous>) {
  code: 'EADDRINUSE',
  errno: -98,
  syscall: 'listen',
  address: '::',
  port: 3000
}
[?25h
Server exited with code: 1
Restarting server in 3 seconds...
Server started with PID: 8460
⨯ Failed to start server
Error: listen EADDRINUSE: address already in use :::3000
    at <unknown> (Error: listen EADDRINUSE: address already in use :::3000)
    at new Promise (<anonymous>) {
  code: 'EADDRINUSE',
  errno: -98,
  syscall: 'listen',
  address: '::',
  port: 3000
}
[?25h
Server exited with code: 1
Restarting server in 3 seconds...
Server started with PID: 8504
⨯ Failed to start server
Error: listen EADDRINUSE: address already in use :::3000
    at <unknown> (Error: listen EADDRINUSE: address already in use :::3000)
    at new Promise (<anonymous>) {
  code: 'EADDRINUSE',
  errno: -98,
  syscall: 'listen',
  address: '::',
  port: 3000
}
[?25h
Server exited with code: 1
Restarting server in 3 seconds...
Server started with PID: 8547
⨯ Failed to start server
Error: listen EADDRINUSE: address already in use :::3000
    at <unknown> (Error: listen EADDRINUSE: address already in use :::3000)
    at new Promise (<anonymous>) {
  code: 'EADDRINUSE',
  errno: -98,
  syscall: 'listen',
  address: '::',
  port: 3000
}
[?25h
Server exited with code: 1
Restarting server in 3 seconds...
Server started with PID: 8590
⨯ Failed to start server
Error: listen EADDRINUSE: address already in use :::3000
    at <unknown> (Error: listen EADDRINUSE: address already in use :::3000)
    at new Promise (<anonymous>) {
  code: 'EADDRINUSE',
  errno: -98,
  syscall: 'listen',
  address: '::',
  port: 3000
}
[?25h
Server exited with code: 1
Restarting server in 3 seconds...
Server started with PID: 8633
⨯ Failed to start server
Error: listen EADDRINUSE: address already in use :::3000
    at <unknown> (Error: listen EADDRINUSE: address already in use :::3000)
    at new Promise (<anonymous>) {
  code: 'EADDRINUSE',
  errno: -98,
  syscall: 'listen',
  address: '::',
  port: 3000
}
[?25h
Server exited with code: 1
Restarting server in 3 seconds...
Server started with PID: 8676
⨯ Failed to start server
Error: listen EADDRINUSE: address already in use :::3000
    at <unknown> (Error: listen EADDRINUSE: address already in use :::3000)
    at new Promise (<anonymous>) {
  code: 'EADDRINUSE',
  errno: -98,
  syscall: 'listen',
  address: '::',
  port: 3000
}
[?25h
Server exited with code: 1
Restarting server in 3 seconds...
Server started with PID: 8719
⨯ Failed to start server
Error: listen EADDRINUSE: address already in use :::3000
    at <unknown> (Error: listen EADDRINUSE: address already in use :::3000)
    at new Promise (<anonymous>) {
  code: 'EADDRINUSE',
  errno: -98,
  syscall: 'listen',
  address: '::',
  port: 3000
}
[?25h
Server exited with code: 1
Restarting server in 3 seconds...
Server started with PID: 8762
⨯ Failed to start server
Error: listen EADDRINUSE: address already in use :::3000
    at <unknown> (Error: listen EADDRINUSE: address already in use :::3000)
    at new Promise (<anonymous>) {
  code: 'EADDRINUSE',
  errno: -98,
  syscall: 'listen',
  address: '::',
  port: 3000
}
[?25h
Server exited with code: 1
Restarting server in 3 seconds...
Server started with PID: 8805
⨯ Failed to start server
Error: listen EADDRINUSE: address already in use :::3000
    at <unknown> (Error: listen EADDRINUSE: address already in use :::3000)
    at new Promise (<anonymous>) {
  code: 'EADDRINUSE',
  errno: -98,
  syscall: 'listen',
  address: '::',
  port: 3000
}
[?25h
Server exited with code: 1
Restarting server in 3 seconds...
Server started with PID: 8848
⨯ Failed to start server
Error: listen EADDRINUSE: address already in use :::3000
    at <unknown> (Error: listen EADDRINUSE: address already in use :::3000)
    at new Promise (<anonymous>) {
  code: 'EADDRINUSE',
  errno: -98,
  syscall: 'listen',
  address: '::',
  port: 3000
}
[?25h
Server exited with code: 1
Restarting server in 3 seconds...
Server started with PID: 8898
⨯ Failed to start server
Error: listen EADDRINUSE: address already in use :::3000
    at <unknown> (Error: listen EADDRINUSE: address already in use :::3000)
    at new Promise (<anonymous>) {
  code: 'EADDRINUSE',
  errno: -98,
  syscall: 'listen',
  address: '::',
  port: 3000
}
[?25h
Server exited with code: 1
Restarting server in 3 seconds...
Server started with PID: 8942
⨯ Failed to start server
Error: listen EADDRINUSE: address already in use :::3000
    at <unknown> (Error: listen EADDRINUSE: address already in use :::3000)
    at new Promise (<anonymous>) {
  code: 'EADDRINUSE',
  errno: -98,
  syscall: 'listen',
  address: '::',
  port: 3000
}
[?25h
Server exited with code: 1
Restarting server in 3 seconds...
Server started with PID: 8985
⨯ Failed to start server
Error: listen EADDRINUSE: address already in use :::3000
    at <unknown> (Error: listen EADDRINUSE: address already in use :::3000)
    at new Promise (<anonymous>) {
  code: 'EADDRINUSE',
  errno: -98,
  syscall: 'listen',
  address: '::',
  port: 3000
}
[?25h
Server exited with code: 1
Restarting server in 3 seconds...
Server started with PID: 9028
⨯ Failed to start server
Error: listen EADDRINUSE: address already in use :::3000
    at <unknown> (Error: listen EADDRINUSE: address already in use :::3000)
    at new Promise (<anonymous>) {
  code: 'EADDRINUSE',
  errno: -98,
  syscall: 'listen',
  address: '::',
  port: 3000
}
[?25h
Server exited with code: 1
Restarting server in 3 seconds...
Server started with PID: 9071
⨯ Failed to start server
Error: listen EADDRINUSE: address already in use :::3000
    at <unknown> (Error: listen EADDRINUSE: address already in use :::3000)
    at new Promise (<anonymous>) {
  code: 'EADDRINUSE',
  errno: -98,
  syscall: 'listen',
  address: '::',
  port: 3000
}
[?25h
Server exited with code: 1
Restarting server in 3 seconds...
Server started with PID: 9114
⨯ Failed to start server
Error: listen EADDRINUSE: address already in use :::3000
    at <unknown> (Error: listen EADDRINUSE: address already in use :::3000)
    at new Promise (<anonymous>) {
  code: 'EADDRINUSE',
  errno: -98,
  syscall: 'listen',
  address: '::',
  port: 3000
}
[?25h
Server exited with code: 1
Restarting server in 3 seconds...
Server started with PID: 9158
⨯ Failed to start server
Error: listen EADDRINUSE: address already in use :::3000
    at <unknown> (Error: listen EADDRINUSE: address already in use :::3000)
    at new Promise (<anonymous>) {
  code: 'EADDRINUSE',
  errno: -98,
  syscall: 'listen',
  address: '::',
  port: 3000
}
[?25h
Server exited with code: 1
Restarting server in 3 seconds...
Server started with PID: 9202
⨯ Failed to start server
Error: listen EADDRINUSE: address already in use :::3000
    at <unknown> (Error: listen EADDRINUSE: address already in use :::3000)
    at new Promise (<anonymous>) {
  code: 'EADDRINUSE',
  errno: -98,
  syscall: 'listen',
  address: '::',
  port: 3000
}
[?25h
Server exited with code: 1
Restarting server in 3 seconds...
Server started with PID: 9245
⨯ Failed to start server
Error: listen EADDRINUSE: address already in use :::3000
    at <unknown> (Error: listen EADDRINUSE: address already in use :::3000)
    at new Promise (<anonymous>) {
  code: 'EADDRINUSE',
  errno: -98,
  syscall: 'listen',
  address: '::',
  port: 3000
}
[?25h
Server exited with code: 1
Restarting server in 3 seconds...
Server started with PID: 9288
⨯ Failed to start server
Error: listen EADDRINUSE: address already in use :::3000
    at <unknown> (Error: listen EADDRINUSE: address already in use :::3000)
    at new Promise (<anonymous>) {
  code: 'EADDRINUSE',
  errno: -98,
  syscall: 'listen',
  address: '::',
  port: 3000
}
[?25h
Server exited with code: 1
Restarting server in 3 seconds...
Server started with PID: 9333
⨯ Failed to start server
Error: listen EADDRINUSE: address already in use :::3000
    at <unknown> (Error: listen EADDRINUSE: address already in use :::3000)
    at new Promise (<anonymous>) {
  code: 'EADDRINUSE',
  errno: -98,
  syscall: 'listen',
  address: '::',
  port: 3000
}
[?25h
Server exited with code: 1
Restarting server in 3 seconds...
Server started with PID: 9376
⨯ Failed to start server
Error: listen EADDRINUSE: address already in use :::3000
    at <unknown> (Error: listen EADDRINUSE: address already in use :::3000)
    at new Promise (<anonymous>) {
  code: 'EADDRINUSE',
  errno: -98,
  syscall: 'listen',
  address: '::',
  port: 3000
}
[?25h
Server exited with code: 1
Restarting server in 3 seconds...
Server started with PID: 9419
⨯ Failed to start server
Error: listen EADDRINUSE: address already in use :::3000
    at <unknown> (Error: listen EADDRINUSE: address already in use :::3000)
    at new Promise (<anonymous>) {
  code: 'EADDRINUSE',
  errno: -98,
  syscall: 'listen',
  address: '::',
  port: 3000
}
[?25h
Server exited with code: 1
Restarting server in 3 seconds...
Server started with PID: 9462
⨯ Failed to start server
Error: listen EADDRINUSE: address already in use :::3000
    at <unknown> (Error: listen EADDRINUSE: address already in use :::3000)
    at new Promise (<anonymous>) {
  code: 'EADDRINUSE',
  errno: -98,
  syscall: 'listen',
  address: '::',
  port: 3000
}
[?25h
Server exited with code: 1
Restarting server in 3 seconds...
Server started with PID: 9505
⨯ Failed to start server
Error: listen EADDRINUSE: address already in use :::3000
    at <unknown> (Error: listen EADDRINUSE: address already in use :::3000)
    at new Promise (<anonymous>) {
  code: 'EADDRINUSE',
  errno: -98,
  syscall: 'listen',
  address: '::',
  port: 3000
}
[?25h
Server exited with code: 1
Restarting server in 3 seconds...
Server started with PID: 9548
⨯ Failed to start server
Error: listen EADDRINUSE: address already in use :::3000
    at <unknown> (Error: listen EADDRINUSE: address already in use :::3000)
    at new Promise (<anonymous>) {
  code: 'EADDRINUSE',
  errno: -98,
  syscall: 'listen',
  address: '::',
  port: 3000
}
[?25h
Server exited with code: 1
Restarting server in 3 seconds...
Server started with PID: 9591
⨯ Failed to start server
Error: listen EADDRINUSE: address already in use :::3000
    at <unknown> (Error: listen EADDRINUSE: address already in use :::3000)
    at new Promise (<anonymous>) {
  code: 'EADDRINUSE',
  errno: -98,
  syscall: 'listen',
  address: '::',
  port: 3000
}
[?25h
Server exited with code: 1
Restarting server in 3 seconds...
Server started with PID: 9634
⨯ Failed to start server
Error: listen EADDRINUSE: address already in use :::3000
    at <unknown> (Error: listen EADDRINUSE: address already in use :::3000)
    at new Promise (<anonymous>) {
  code: 'EADDRINUSE',
  errno: -98,
  syscall: 'listen',
  address: '::',
  port: 3000
}
[?25h
Server exited with code: 1
Restarting server in 3 seconds...
Server started with PID: 9677
⨯ Failed to start server
Error: listen EADDRINUSE: address already in use :::3000
    at <unknown> (Error: listen EADDRINUSE: address already in use :::3000)
    at new Promise (<anonymous>) {
  code: 'EADDRINUSE',
  errno: -98,
  syscall: 'listen',
  address: '::',
  port: 3000
}
[?25h
Server exited with code: 1
Restarting server in 3 seconds...
Server started with PID: 9737
⨯ Failed to start server
Error: listen EADDRINUSE: address already in use :::3000
    at <unknown> (Error: listen EADDRINUSE: address already in use :::3000)
    at new Promise (<anonymous>) {
  code: 'EADDRINUSE',
  errno: -98,
  syscall: 'listen',
  address: '::',
  port: 3000
}
[?25h
Server exited with code: 1
Restarting server in 3 seconds...
Server started with PID: 9786
⨯ Failed to start server
Error: listen EADDRINUSE: address already in use :::3000
    at <unknown> (Error: listen EADDRINUSE: address already in use :::3000)
    at new Promise (<anonymous>) {
  code: 'EADDRINUSE',
  errno: -98,
  syscall: 'listen',
  address: '::',
  port: 3000
}
[?25h
Server exited with code: 1
Restarting server in 3 seconds...
Server started with PID: 9829
⨯ Failed to start server
Error: listen EADDRINUSE: address already in use :::3000
    at <unknown> (Error: listen EADDRINUSE: address already in use :::3000)
    at new Promise (<anonymous>) {
  code: 'EADDRINUSE',
  errno: -98,
  syscall: 'listen',
  address: '::',
  port: 3000
}
[?25h
Server exited with code: 1
Restarting server in 3 seconds...
Server started with PID: 9872
⨯ Failed to start server
Error: listen EADDRINUSE: address already in use :::3000
    at <unknown> (Error: listen EADDRINUSE: address already in use :::3000)
    at new Promise (<anonymous>) {
  code: 'EADDRINUSE',
  errno: -98,
  syscall: 'listen',
  address: '::',
  port: 3000
}
[?25h
Server exited with code: 1
Restarting server in 3 seconds...
Server started with PID: 9915
⨯ Failed to start server
Error: listen EADDRINUSE: address already in use :::3000
    at <unknown> (Error: listen EADDRINUSE: address already in use :::3000)
    at new Promise (<anonymous>) {
  code: 'EADDRINUSE',
  errno: -98,
  syscall: 'listen',
  address: '::',
  port: 3000
}
[?25h
Server exited with code: 1
Restarting server in 3 seconds...
Server started with PID: 9958
⨯ Failed to start server
Error: listen EADDRINUSE: address already in use :::3000
    at <unknown> (Error: listen EADDRINUSE: address already in use :::3000)
    at new Promise (<anonymous>) {
  code: 'EADDRINUSE',
  errno: -98,
  syscall: 'listen',
  address: '::',
  port: 3000
}
[?25h
Server exited with code: 1
Restarting server in 3 seconds...
Server started with PID: 10001
⨯ Failed to start server
Error: listen EADDRINUSE: address already in use :::3000
    at <unknown> (Error: listen EADDRINUSE: address already in use :::3000)
    at new Promise (<anonymous>) {
  code: 'EADDRINUSE',
  errno: -98,
  syscall: 'listen',
  address: '::',
  port: 3000
}
[?25h
Server exited with code: 1
Restarting server in 3 seconds...
Server started with PID: 10050
⨯ Failed to start server
Error: listen EADDRINUSE: address already in use :::3000
    at <unknown> (Error: listen EADDRINUSE: address already in use :::3000)
    at new Promise (<anonymous>) {
  code: 'EADDRINUSE',
  errno: -98,
  syscall: 'listen',
  address: '::',
  port: 3000
}
[?25h
Server exited with code: 1
Restarting server in 3 seconds...
Server started with PID: 10093
⨯ Failed to start server
Error: listen EADDRINUSE: address already in use :::3000
    at <unknown> (Error: listen EADDRINUSE: address already in use :::3000)
    at new Promise (<anonymous>) {
  code: 'EADDRINUSE',
  errno: -98,
  syscall: 'listen',
  address: '::',
  port: 3000
}
[?25h
Server exited with code: 1
Restarting server in 3 seconds...
Server started with PID: 10136
⨯ Failed to start server
Error: listen EADDRINUSE: address already in use :::3000
    at <unknown> (Error: listen EADDRINUSE: address already in use :::3000)
    at new Promise (<anonymous>) {
  code: 'EADDRINUSE',
  errno: -98,
  syscall: 'listen',
  address: '::',
  port: 3000
}
[?25h
Server exited with code: 1
Restarting server in 3 seconds...
Server started with PID: 10179
⨯ Failed to start server
Error: listen EADDRINUSE: address already in use :::3000
    at <unknown> (Error: listen EADDRINUSE: address already in use :::3000)
    at new Promise (<anonymous>) {
  code: 'EADDRINUSE',
  errno: -98,
  syscall: 'listen',
  address: '::',
  port: 3000
}
[?25h
Server exited with code: 1
Restarting server in 3 seconds...
Server started with PID: 10222
⨯ Failed to start server
Error: listen EADDRINUSE: address already in use :::3000
    at <unknown> (Error: listen EADDRINUSE: address already in use :::3000)
    at new Promise (<anonymous>) {
  code: 'EADDRINUSE',
  errno: -98,
  syscall: 'listen',
  address: '::',
  port: 3000
}
[?25h
Server exited with code: 1
Restarting server in 3 seconds...
Server started with PID: 10265
⨯ Failed to start server
Error: listen EADDRINUSE: address already in use :::3000
    at <unknown> (Error: listen EADDRINUSE: address already in use :::3000)
    at new Promise (<anonymous>) {
  code: 'EADDRINUSE',
  errno: -98,
  syscall: 'listen',
  address: '::',
  port: 3000
}
[?25h
Server exited with code: 1
Restarting server in 3 seconds...
Server started with PID: 10308
⨯ Failed to start server
Error: listen EADDRINUSE: address already in use :::3000
    at <unknown> (Error: listen EADDRINUSE: address already in use :::3000)
    at new Promise (<anonymous>) {
  code: 'EADDRINUSE',
  errno: -98,
  syscall: 'listen',
  address: '::',
  port: 3000
}
[?25h
Server exited with code: 1
Restarting server in 3 seconds...
Server started with PID: 10351
⨯ Failed to start server
Error: listen EADDRINUSE: address already in use :::3000
    at <unknown> (Error: listen EADDRINUSE: address already in use :::3000)
    at new Promise (<anonymous>) {
  code: 'EADDRINUSE',
  errno: -98,
  syscall: 'listen',
  address: '::',
  port: 3000
}
[?25h
Server exited with code: 1
Restarting server in 3 seconds...
Server started with PID: 10395
⨯ Failed to start server
Error: listen EADDRINUSE: address already in use :::3000
    at <unknown> (Error: listen EADDRINUSE: address already in use :::3000)
    at new Promise (<anonymous>) {
  code: 'EADDRINUSE',
  errno: -98,
  syscall: 'listen',
  address: '::',
  port: 3000
}
[?25h
Server exited with code: 1
Restarting server in 3 seconds...
Server started with PID: 10457
⨯ Failed to start server
Error: listen EADDRINUSE: address already in use :::3000
    at <unknown> (Error: listen EADDRINUSE: address already in use :::3000)
    at new Promise (<anonymous>) {
  code: 'EADDRINUSE',
  errno: -98,
  syscall: 'listen',
  address: '::',
  port: 3000
}
[?25h
Server exited with code: 1
Restarting server in 3 seconds...
Server started with PID: 10500
⨯ Failed to start server
Error: listen EADDRINUSE: address already in use :::3000
    at <unknown> (Error: listen EADDRINUSE: address already in use :::3000)
    at new Promise (<anonymous>) {
  code: 'EADDRINUSE',
  errno: -98,
  syscall: 'listen',
  address: '::',
  port: 3000
}
[?25h
Server exited with code: 1
Restarting server in 3 seconds...
Server started with PID: 10543
⨯ Failed to start server
Error: listen EADDRINUSE: address already in use :::3000
    at <unknown> (Error: listen EADDRINUSE: address already in use :::3000)
    at new Promise (<anonymous>) {
  code: 'EADDRINUSE',
  errno: -98,
  syscall: 'listen',
  address: '::',
  port: 3000
}
[?25h
Server exited with code: 1
Restarting server in 3 seconds...
Server started with PID: 10586
⨯ Failed to start server
Error: listen EADDRINUSE: address already in use :::3000
    at <unknown> (Error: listen EADDRINUSE: address already in use :::3000)
    at new Promise (<anonymous>) {
  code: 'EADDRINUSE',
  errno: -98,
  syscall: 'listen',
  address: '::',
  port: 3000
}
[?25h
Server exited with code: 1
Restarting server in 3 seconds...
Server started with PID: 10629
⨯ Failed to start server
Error: listen EADDRINUSE: address already in use :::3000
    at <unknown> (Error: listen EADDRINUSE: address already in use :::3000)
    at new Promise (<anonymous>) {
  code: 'EADDRINUSE',
  errno: -98,
  syscall: 'listen',
  address: '::',
  port: 3000
}
[?25h
Server exited with code: 1
Restarting server in 3 seconds...
Server started with PID: 10690
⨯ Failed to start server
Error: listen EADDRINUSE: address already in use :::3000
    at <unknown> (Error: listen EADDRINUSE: address already in use :::3000)
    at new Promise (<anonymous>) {
  code: 'EADDRINUSE',
  errno: -98,
  syscall: 'listen',
  address: '::',
  port: 3000
}
[?25h
Server exited with code: 1
Restarting server in 3 seconds...
Server started with PID: 10733
⨯ Failed to start server
Error: listen EADDRINUSE: address already in use :::3000
    at <unknown> (Error: listen EADDRINUSE: address already in use :::3000)
    at new Promise (<anonymous>) {
  code: 'EADDRINUSE',
  errno: -98,
  syscall: 'listen',
  address: '::',
  port: 3000
}
[?25h
Server exited with code: 1
Restarting server in 3 seconds...
Server started with PID: 10782
⨯ Failed to start server
Error: listen EADDRINUSE: address already in use :::3000
    at <unknown> (Error: listen EADDRINUSE: address already in use :::3000)
    at new Promise (<anonymous>) {
  code: 'EADDRINUSE',
  errno: -98,
  syscall: 'listen',
  address: '::',
  port: 3000
}
[?25h
Server exited with code: 1
Restarting server in 3 seconds...
Server started with PID: 10825
⨯ Failed to start server
Error: listen EADDRINUSE: address already in use :::3000
    at <unknown> (Error: listen EADDRINUSE: address already in use :::3000)
    at new Promise (<anonymous>) {
  code: 'EADDRINUSE',
  errno: -98,
  syscall: 'listen',
  address: '::',
  port: 3000
}
[?25h
Server exited with code: 1
Restarting server in 3 seconds...
Server started with PID: 10870
⨯ Failed to start server
Error: listen EADDRINUSE: address already in use :::3000
    at <unknown> (Error: listen EADDRINUSE: address already in use :::3000)
    at new Promise (<anonymous>) {
  code: 'EADDRINUSE',
  errno: -98,
  syscall: 'listen',
  address: '::',
  port: 3000
}
[?25h
Server exited with code: 1
Restarting server in 3 seconds...
Server started with PID: 10913
⨯ Failed to start server
Error: listen EADDRINUSE: address already in use :::3000
    at <unknown> (Error: listen EADDRINUSE: address already in use :::3000)
    at new Promise (<anonymous>) {
  code: 'EADDRINUSE',
  errno: -98,
  syscall: 'listen',
  address: '::',
  port: 3000
}
[?25h
Server exited with code: 1
Restarting server in 3 seconds...
Server started with PID: 10956
⨯ Failed to start server
Error: listen EADDRINUSE: address already in use :::3000
    at <unknown> (Error: listen EADDRINUSE: address already in use :::3000)
    at new Promise (<anonymous>) {
  code: 'EADDRINUSE',
  errno: -98,
  syscall: 'listen',
  address: '::',
  port: 3000
}
[?25h
Server exited with code: 1
Restarting server in 3 seconds...
Server started with PID: 10999
⨯ Failed to start server
Error: listen EADDRINUSE: address already in use :::3000
    at <unknown> (Error: listen EADDRINUSE: address already in use :::3000)
    at new Promise (<anonymous>) {
  code: 'EADDRINUSE',
  errno: -98,
  syscall: 'listen',
  address: '::',
  port: 3000
}
[?25h
Server exited with code: 1
Restarting server in 3 seconds...
Server started with PID: 11042
⨯ Failed to start server
Error: listen EADDRINUSE: address already in use :::3000
    at <unknown> (Error: listen EADDRINUSE: address already in use :::3000)
    at new Promise (<anonymous>) {
  code: 'EADDRINUSE',
  errno: -98,
  syscall: 'listen',
  address: '::',
  port: 3000
}
[?25h
Server exited with code: 1
Restarting server in 3 seconds...
Server started with PID: 11085
⨯ Failed to start server
Error: listen EADDRINUSE: address already in use :::3000
    at <unknown> (Error: listen EADDRINUSE: address already in use :::3000)
    at new Promise (<anonymous>) {
  code: 'EADDRINUSE',
  errno: -98,
  syscall: 'listen',
  address: '::',
  port: 3000
}
[?25h
Server exited with code: 1
Restarting server in 3 seconds...
Server started with PID: 11140
⨯ Failed to start server
Error: listen EADDRINUSE: address already in use :::3000
    at <unknown> (Error: listen EADDRINUSE: address already in use :::3000)
    at new Promise (<anonymous>) {
  code: 'EADDRINUSE',
  errno: -98,
  syscall: 'listen',
  address: '::',
  port: 3000
}
[?25h
Server exited with code: 1
Restarting server in 3 seconds...
Server started with PID: 11183
⨯ Failed to start server
Error: listen EADDRINUSE: address already in use :::3000
    at <unknown> (Error: listen EADDRINUSE: address already in use :::3000)
    at new Promise (<anonymous>) {
  code: 'EADDRINUSE',
  errno: -98,
  syscall: 'listen',
  address: '::',
  port: 3000
}
[?25h
Server exited with code: 1
Restarting server in 3 seconds...
Server started with PID: 11226
⨯ Failed to start server
Error: listen EADDRINUSE: address already in use :::3000
    at <unknown> (Error: listen EADDRINUSE: address already in use :::3000)
    at new Promise (<anonymous>) {
  code: 'EADDRINUSE',
  errno: -98,
  syscall: 'listen',
  address: '::',
  port: 3000
}
[?25h
Server exited with code: 1
Restarting server in 3 seconds...
Server started with PID: 11269
⨯ Failed to start server
Error: listen EADDRINUSE: address already in use :::3000
    at <unknown> (Error: listen EADDRINUSE: address already in use :::3000)
    at new Promise (<anonymous>) {
  code: 'EADDRINUSE',
  errno: -98,
  syscall: 'listen',
  address: '::',
  port: 3000
}
[?25h
Server exited with code: 1
Restarting server in 3 seconds...
Server started with PID: 11312
⨯ Failed to start server
Error: listen EADDRINUSE: address already in use :::3000
    at <unknown> (Error: listen EADDRINUSE: address already in use :::3000)
    at new Promise (<anonymous>) {
  code: 'EADDRINUSE',
  errno: -98,
  syscall: 'listen',
  address: '::',
  port: 3000
}
[?25h
Server exited with code: 1
Restarting server in 3 seconds...
Server started with PID: 11355
⨯ Failed to start server
Error: listen EADDRINUSE: address already in use :::3000
    at <unknown> (Error: listen EADDRINUSE: address already in use :::3000)
    at new Promise (<anonymous>) {
  code: 'EADDRINUSE',
  errno: -98,
  syscall: 'listen',
  address: '::',
  port: 3000
}
[?25h
Server exited with code: 1
Restarting server in 3 seconds...
Server started with PID: 11398
⨯ Failed to start server
Error: listen EADDRINUSE: address already in use :::3000
    at <unknown> (Error: listen EADDRINUSE: address already in use :::3000)
    at new Promise (<anonymous>) {
  code: 'EADDRINUSE',
  errno: -98,
  syscall: 'listen',
  address: '::',
  port: 3000
}
[?25h
Server exited with code: 1
Restarting server in 3 seconds...
Server started with PID: 11442
⨯ Failed to start server
Error: listen EADDRINUSE: address already in use :::3000
    at <unknown> (Error: listen EADDRINUSE: address already in use :::3000)
    at new Promise (<anonymous>) {
  code: 'EADDRINUSE',
  errno: -98,
  syscall: 'listen',
  address: '::',
  port: 3000
}
[?25h
Server exited with code: 1
Restarting server in 3 seconds...
Server started with PID: 11485
⨯ Failed to start server
Error: listen EADDRINUSE: address already in use :::3000
    at <unknown> (Error: listen EADDRINUSE: address already in use :::3000)
    at new Promise (<anonymous>) {
  code: 'EADDRINUSE',
  errno: -98,
  syscall: 'listen',
  address: '::',
  port: 3000
}
[?25h
Server exited with code: 1
Restarting server in 3 seconds...
Server started with PID: 11528
⨯ Failed to start server
Error: listen EADDRINUSE: address already in use :::3000
    at <unknown> (Error: listen EADDRINUSE: address already in use :::3000)
    at new Promise (<anonymous>) {
  code: 'EADDRINUSE',
  errno: -98,
  syscall: 'listen',
  address: '::',
  port: 3000
}
[?25h
Server exited with code: 1
Restarting server in 3 seconds...
Server started with PID: 11571
⨯ Failed to start server
Error: listen EADDRINUSE: address already in use :::3000
    at <unknown> (Error: listen EADDRINUSE: address already in use :::3000)
    at new Promise (<anonymous>) {
  code: 'EADDRINUSE',
  errno: -98,
  syscall: 'listen',
  address: '::',
  port: 3000
}
[?25h
Server exited with code: 1
Restarting server in 3 seconds...
Server started with PID: 11614
⨯ Failed to start server
Error: listen EADDRINUSE: address already in use :::3000
    at <unknown> (Error: listen EADDRINUSE: address already in use :::3000)
    at new Promise (<anonymous>) {
  code: 'EADDRINUSE',
  errno: -98,
  syscall: 'listen',
  address: '::',
  port: 3000
}
[?25h
Server exited with code: 1
Restarting server in 3 seconds...
Server started with PID: 11658
⨯ Failed to start server
Error: listen EADDRINUSE: address already in use :::3000
    at <unknown> (Error: listen EADDRINUSE: address already in use :::3000)
    at new Promise (<anonymous>) {
  code: 'EADDRINUSE',
  errno: -98,
  syscall: 'listen',
  address: '::',
  port: 3000
}
[?25h
Server exited with code: 1
Restarting server in 3 seconds...
Server started with PID: 11701
⨯ Failed to start server
Error: listen EADDRINUSE: address already in use :::3000
    at <unknown> (Error: listen EADDRINUSE: address already in use :::3000)
    at new Promise (<anonymous>) {
  code: 'EADDRINUSE',
  errno: -98,
  syscall: 'listen',
  address: '::',
  port: 3000
}
[?25h
Server exited with code: 1
Restarting server in 3 seconds...
Server started with PID: 11744
⨯ Failed to start server
Error: listen EADDRINUSE: address already in use :::3000
    at <unknown> (Error: listen EADDRINUSE: address already in use :::3000)
    at new Promise (<anonymous>) {
  code: 'EADDRINUSE',
  errno: -98,
  syscall: 'listen',
  address: '::',
  port: 3000
}
[?25h
Server exited with code: 1
Restarting server in 3 seconds...
Server started with PID: 11787
⨯ Failed to start server
Error: listen EADDRINUSE: address already in use :::3000
    at <unknown> (Error: listen EADDRINUSE: address already in use :::3000)
    at new Promise (<anonymous>) {
  code: 'EADDRINUSE',
  errno: -98,
  syscall: 'listen',
  address: '::',
  port: 3000
}
[?25h
Server exited with code: 1
Restarting server in 3 seconds...
Server started with PID: 11830
⨯ Failed to start server
Error: listen EADDRINUSE: address already in use :::3000
    at <unknown> (Error: listen EADDRINUSE: address already in use :::3000)
    at new Promise (<anonymous>) {
  code: 'EADDRINUSE',
  errno: -98,
  syscall: 'listen',
  address: '::',
  port: 3000
}
[?25h
Server exited with code: 1
Restarting server in 3 seconds...
Server started with PID: 11873
⨯ Failed to start server
Error: listen EADDRINUSE: address already in use :::3000
    at <unknown> (Error: listen EADDRINUSE: address already in use :::3000)
    at new Promise (<anonymous>) {
  code: 'EADDRINUSE',
  errno: -98,
  syscall: 'listen',
  address: '::',
  port: 3000
}
[?25h
Server exited with code: 1
Restarting server in 3 seconds...
Server started with PID: 11916
⨯ Failed to start server
Error: listen EADDRINUSE: address already in use :::3000
    at <unknown> (Error: listen EADDRINUSE: address already in use :::3000)
    at new Promise (<anonymous>) {
  code: 'EADDRINUSE',
  errno: -98,
  syscall: 'listen',
  address: '::',
  port: 3000
}
[?25h
Server exited with code: 1
Restarting server in 3 seconds...
Server started with PID: 11959
⨯ Failed to start server
Error: listen EADDRINUSE: address already in use :::3000
    at <unknown> (Error: listen EADDRINUSE: address already in use :::3000)
    at new Promise (<anonymous>) {
  code: 'EADDRINUSE',
  errno: -98,
  syscall: 'listen',
  address: '::',
  port: 3000
}
[?25h
Server exited with code: 1
Restarting server in 3 seconds...
Server started with PID: 12002
⨯ Failed to start server
Error: listen EADDRINUSE: address already in use :::3000
    at <unknown> (Error: listen EADDRINUSE: address already in use :::3000)
    at new Promise (<anonymous>) {
  code: 'EADDRINUSE',
  errno: -98,
  syscall: 'listen',
  address: '::',
  port: 3000
}
[?25h
Server exited with code: 1
Restarting server in 3 seconds...
Server started with PID: 12045
⨯ Failed to start server
Error: listen EADDRINUSE: address already in use :::3000
    at <unknown> (Error: listen EADDRINUSE: address already in use :::3000)
    at new Promise (<anonymous>) {
  code: 'EADDRINUSE',
  errno: -98,
  syscall: 'listen',
  address: '::',
  port: 3000
}
[?25h
Server exited with code: 1
Restarting server in 3 seconds...
Server started with PID: 12088
⨯ Failed to start server
Error: listen EADDRINUSE: address already in use :::3000
    at <unknown> (Error: listen EADDRINUSE: address already in use :::3000)
    at new Promise (<anonymous>) {
  code: 'EADDRINUSE',
  errno: -98,
  syscall: 'listen',
  address: '::',
  port: 3000
}
[?25h
Server exited with code: 1
Restarting server in 3 seconds...
Server started with PID: 12131
⨯ Failed to start server
Error: listen EADDRINUSE: address already in use :::3000
    at <unknown> (Error: listen EADDRINUSE: address already in use :::3000)
    at new Promise (<anonymous>) {
  code: 'EADDRINUSE',
  errno: -98,
  syscall: 'listen',
  address: '::',
  port: 3000
}
[?25h
Server exited with code: 1
Restarting server in 3 seconds...
Server started with PID: 12174
⨯ Failed to start server
Error: listen EADDRINUSE: address already in use :::3000
    at <unknown> (Error: listen EADDRINUSE: address already in use :::3000)
    at new Promise (<anonymous>) {
  code: 'EADDRINUSE',
  errno: -98,
  syscall: 'listen',
  address: '::',
  port: 3000
}
[?25h
Server exited with code: 1
Restarting server in 3 seconds...
Server started with PID: 12217
⨯ Failed to start server
Error: listen EADDRINUSE: address already in use :::3000
    at <unknown> (Error: listen EADDRINUSE: address already in use :::3000)
    at new Promise (<anonymous>) {
  code: 'EADDRINUSE',
  errno: -98,
  syscall: 'listen',
  address: '::',
  port: 3000
}
[?25h
Server exited with code: 1
Restarting server in 3 seconds...
Server started with PID: 12260
⨯ Failed to start server
Error: listen EADDRINUSE: address already in use :::3000
    at <unknown> (Error: listen EADDRINUSE: address already in use :::3000)
    at new Promise (<anonymous>) {
  code: 'EADDRINUSE',
  errno: -98,
  syscall: 'listen',
  address: '::',
  port: 3000
}
[?25h
Server exited with code: 1
Restarting server in 3 seconds...
Server started with PID: 12303
⨯ Failed to start server
Error: listen EADDRINUSE: address already in use :::3000
    at <unknown> (Error: listen EADDRINUSE: address already in use :::3000)
    at new Promise (<anonymous>) {
  code: 'EADDRINUSE',
  errno: -98,
  syscall: 'listen',
  address: '::',
  port: 3000
}
[?25h
Server exited with code: 1
Restarting server in 3 seconds...
Server started with PID: 12346
⨯ Failed to start server
Error: listen EADDRINUSE: address already in use :::3000
    at <unknown> (Error: listen EADDRINUSE: address already in use :::3000)
    at new Promise (<anonymous>) {
  code: 'EADDRINUSE',
  errno: -98,
  syscall: 'listen',
  address: '::',
  port: 3000
}
[?25h
Server exited with code: 1
Restarting server in 3 seconds...
Server started with PID: 12389
⨯ Failed to start server
Error: listen EADDRINUSE: address already in use :::3000
    at <unknown> (Error: listen EADDRINUSE: address already in use :::3000)
    at new Promise (<anonymous>) {
  code: 'EADDRINUSE',
  errno: -98,
  syscall: 'listen',
  address: '::',
  port: 3000
}
[?25h
Server exited with code: 1
Restarting server in 3 seconds...
Server started with PID: 12432
⨯ Failed to start server
Error: listen EADDRINUSE: address already in use :::3000
    at <unknown> (Error: listen EADDRINUSE: address already in use :::3000)
    at new Promise (<anonymous>) {
  code: 'EADDRINUSE',
  errno: -98,
  syscall: 'listen',
  address: '::',
  port: 3000
}
[?25h
Server exited with code: 1
Restarting server in 3 seconds...
Server started with PID: 12475
⨯ Failed to start server
Error: listen EADDRINUSE: address already in use :::3000
    at <unknown> (Error: listen EADDRINUSE: address already in use :::3000)
    at new Promise (<anonymous>) {
  code: 'EADDRINUSE',
  errno: -98,
  syscall: 'listen',
  address: '::',
  port: 3000
}
[?25h
Server exited with code: 1
Restarting server in 3 seconds...
Server started with PID: 12518
⨯ Failed to start server
Error: listen EADDRINUSE: address already in use :::3000
    at <unknown> (Error: listen EADDRINUSE: address already in use :::3000)
    at new Promise (<anonymous>) {
  code: 'EADDRINUSE',
  errno: -98,
  syscall: 'listen',
  address: '::',
  port: 3000
}
[?25h
Server exited with code: 1
Restarting server in 3 seconds...
Server started with PID: 12561
⨯ Failed to start server
Error: listen EADDRINUSE: address already in use :::3000
    at <unknown> (Error: listen EADDRINUSE: address already in use :::3000)
    at new Promise (<anonymous>) {
  code: 'EADDRINUSE',
  errno: -98,
  syscall: 'listen',
  address: '::',
  port: 3000
}
[?25h
Server exited with code: 1
Restarting server in 3 seconds...
Server started with PID: 12604
⨯ Failed to start server
Error: listen EADDRINUSE: address already in use :::3000
    at <unknown> (Error: listen EADDRINUSE: address already in use :::3000)
    at new Promise (<anonymous>) {
  code: 'EADDRINUSE',
  errno: -98,
  syscall: 'listen',
  address: '::',
  port: 3000
}
[?25h
Server exited with code: 1
Restarting server in 3 seconds...
Server started with PID: 12647
⨯ Failed to start server
Error: listen EADDRINUSE: address already in use :::3000
    at <unknown> (Error: listen EADDRINUSE: address already in use :::3000)
    at new Promise (<anonymous>) {
  code: 'EADDRINUSE',
  errno: -98,
  syscall: 'listen',
  address: '::',
  port: 3000
}
[?25h
Server exited with code: 1
Restarting server in 3 seconds...
Server started with PID: 12690
⨯ Failed to start server
Error: listen EADDRINUSE: address already in use :::3000
    at <unknown> (Error: listen EADDRINUSE: address already in use :::3000)
    at new Promise (<anonymous>) {
  code: 'EADDRINUSE',
  errno: -98,
  syscall: 'listen',
  address: '::',
  port: 3000
}
[?25h
Server exited with code: 1
Restarting server in 3 seconds...
Server started with PID: 12733
⨯ Failed to start server
Error: listen EADDRINUSE: address already in use :::3000
    at <unknown> (Error: listen EADDRINUSE: address already in use :::3000)
    at new Promise (<anonymous>) {
  code: 'EADDRINUSE',
  errno: -98,
  syscall: 'listen',
  address: '::',
  port: 3000
}
[?25h
Server exited with code: 1
Restarting server in 3 seconds...
Server started with PID: 12778
⨯ Failed to start server
Error: listen EADDRINUSE: address already in use :::3000
    at <unknown> (Error: listen EADDRINUSE: address already in use :::3000)
    at new Promise (<anonymous>) {
  code: 'EADDRINUSE',
  errno: -98,
  syscall: 'listen',
  address: '::',
  port: 3000
}
[?25h
Server exited with code: 1
Restarting server in 3 seconds...
Server started with PID: 12837
⨯ Failed to start server
Error: listen EADDRINUSE: address already in use :::3000
    at <unknown> (Error: listen EADDRINUSE: address already in use :::3000)
    at new Promise (<anonymous>) {
  code: 'EADDRINUSE',
  errno: -98,
  syscall: 'listen',
  address: '::',
  port: 3000
}
[?25h
Server exited with code: 1
Restarting server in 3 seconds...
Server started with PID: 12880
⨯ Failed to start server
Error: listen EADDRINUSE: address already in use :::3000
    at <unknown> (Error: listen EADDRINUSE: address already in use :::3000)
    at new Promise (<anonymous>) {
  code: 'EADDRINUSE',
  errno: -98,
  syscall: 'listen',
  address: '::',
  port: 3000
}
[?25h
Server exited with code: 1
Restarting server in 3 seconds...
Server started with PID: 12923
⨯ Failed to start server
Error: listen EADDRINUSE: address already in use :::3000
    at <unknown> (Error: listen EADDRINUSE: address already in use :::3000)
    at new Promise (<anonymous>) {
  code: 'EADDRINUSE',
  errno: -98,
  syscall: 'listen',
  address: '::',
  port: 3000
}
[?25h
Server exited with code: 1
Restarting server in 3 seconds...
Server started with PID: 12966
⨯ Failed to start server
Error: listen EADDRINUSE: address already in use :::3000
    at <unknown> (Error: listen EADDRINUSE: address already in use :::3000)
    at new Promise (<anonymous>) {
  code: 'EADDRINUSE',
  errno: -98,
  syscall: 'listen',
  address: '::',
  port: 3000
}
[?25h
Server exited with code: 1
Restarting server in 3 seconds...
Server started with PID: 13009
⨯ Failed to start server
Error: listen EADDRINUSE: address already in use :::3000
    at <unknown> (Error: listen EADDRINUSE: address already in use :::3000)
    at new Promise (<anonymous>) {
  code: 'EADDRINUSE',
  errno: -98,
  syscall: 'listen',
  address: '::',
  port: 3000
}
[?25h
Server exited with code: 1
Restarting server in 3 seconds...
Server started with PID: 13052
⨯ Failed to start server
Error: listen EADDRINUSE: address already in use :::3000
    at <unknown> (Error: listen EADDRINUSE: address already in use :::3000)
    at new Promise (<anonymous>) {
  code: 'EADDRINUSE',
  errno: -98,
  syscall: 'listen',
  address: '::',
  port: 3000
}
[?25h
Server exited with code: 1
Restarting server in 3 seconds...
Server started with PID: 13095
⨯ Failed to start server
Error: listen EADDRINUSE: address already in use :::3000
    at <unknown> (Error: listen EADDRINUSE: address already in use :::3000)
    at new Promise (<anonymous>) {
  code: 'EADDRINUSE',
  errno: -98,
  syscall: 'listen',
  address: '::',
  port: 3000
}
[?25h
Server exited with code: 1
Restarting server in 3 seconds...
Server started with PID: 13138
⨯ Failed to start server
Error: listen EADDRINUSE: address already in use :::3000
    at <unknown> (Error: listen EADDRINUSE: address already in use :::3000)
    at new Promise (<anonymous>) {
  code: 'EADDRINUSE',
  errno: -98,
  syscall: 'listen',
  address: '::',
  port: 3000
}
[?25h
Server exited with code: 1
Restarting server in 3 seconds...
Server started with PID: 13181
⨯ Failed to start server
Error: listen EADDRINUSE: address already in use :::3000
    at <unknown> (Error: listen EADDRINUSE: address already in use :::3000)
    at new Promise (<anonymous>) {
  code: 'EADDRINUSE',
  errno: -98,
  syscall: 'listen',
  address: '::',
  port: 3000
}
[?25h
Server exited with code: 1
Restarting server in 3 seconds...
Server started with PID: 13224
⨯ Failed to start server
Error: listen EADDRINUSE: address already in use :::3000
    at <unknown> (Error: listen EADDRINUSE: address already in use :::3000)
    at new Promise (<anonymous>) {
  code: 'EADDRINUSE',
  errno: -98,
  syscall: 'listen',
  address: '::',
  port: 3000
}
[?25h
Server exited with code: 1
Restarting server in 3 seconds...
Server started with PID: 13267
⨯ Failed to start server
Error: listen EADDRINUSE: address already in use :::3000
    at <unknown> (Error: listen EADDRINUSE: address already in use :::3000)
    at new Promise (<anonymous>) {
  code: 'EADDRINUSE',
  errno: -98,
  syscall: 'listen',
  address: '::',
  port: 3000
}
[?25h
Server exited with code: 1
Restarting server in 3 seconds...
Server started with PID: 13310
⨯ Failed to start server
Error: listen EADDRINUSE: address already in use :::3000
    at <unknown> (Error: listen EADDRINUSE: address already in use :::3000)
    at new Promise (<anonymous>) {
  code: 'EADDRINUSE',
  errno: -98,
  syscall: 'listen',
  address: '::',
  port: 3000
}
[?25h
Server exited with code: 1
Restarting server in 3 seconds...
Server started with PID: 13359
⨯ Failed to start server
Error: listen EADDRINUSE: address already in use :::3000
    at <unknown> (Error: listen EADDRINUSE: address already in use :::3000)
    at new Promise (<anonymous>) {
  code: 'EADDRINUSE',
  errno: -98,
  syscall: 'listen',
  address: '::',
  port: 3000
}
[?25h
Server exited with code: 1
Restarting server in 3 seconds...
Server started with PID: 13402
⨯ Failed to start server
Error: listen EADDRINUSE: address already in use :::3000
    at <unknown> (Error: listen EADDRINUSE: address already in use :::3000)
    at new Promise (<anonymous>) {
  code: 'EADDRINUSE',
  errno: -98,
  syscall: 'listen',
  address: '::',
  port: 3000
}
[?25h
Server exited with code: 1
Restarting server in 3 seconds...
Server started with PID: 13445
⨯ Failed to start server
Error: listen EADDRINUSE: address already in use :::3000
    at <unknown> (Error: listen EADDRINUSE: address already in use :::3000)
    at new Promise (<anonymous>) {
  code: 'EADDRINUSE',
  errno: -98,
  syscall: 'listen',
  address: '::',
  port: 3000
}
[?25h
Server exited with code: 1
Restarting server in 3 seconds...
Server started with PID: 13488
⨯ Failed to start server
Error: listen EADDRINUSE: address already in use :::3000
    at <unknown> (Error: listen EADDRINUSE: address already in use :::3000)
    at new Promise (<anonymous>) {
  code: 'EADDRINUSE',
  errno: -98,
  syscall: 'listen',
  address: '::',
  port: 3000
}
[?25h
Server exited with code: 1
Restarting server in 3 seconds...
Server started with PID: 13531
⨯ Failed to start server
Error: listen EADDRINUSE: address already in use :::3000
    at <unknown> (Error: listen EADDRINUSE: address already in use :::3000)
    at new Promise (<anonymous>) {
  code: 'EADDRINUSE',
  errno: -98,
  syscall: 'listen',
  address: '::',
  port: 3000
}
[?25h
Server exited with code: 1
Restarting server in 3 seconds...
Server started with PID: 13574
⨯ Failed to start server
Error: listen EADDRINUSE: address already in use :::3000
    at <unknown> (Error: listen EADDRINUSE: address already in use :::3000)
    at new Promise (<anonymous>) {
  code: 'EADDRINUSE',
  errno: -98,
  syscall: 'listen',
  address: '::',
  port: 3000
}
[?25h
Server exited with code: 1
Restarting server in 3 seconds...
Server started with PID: 13617
⨯ Failed to start server
Error: listen EADDRINUSE: address already in use :::3000
    at <unknown> (Error: listen EADDRINUSE: address already in use :::3000)
    at new Promise (<anonymous>) {
  code: 'EADDRINUSE',
  errno: -98,
  syscall: 'listen',
  address: '::',
  port: 3000
}
[?25h
Server exited with code: 1
Restarting server in 3 seconds...
Server started with PID: 13660
⨯ Failed to start server
Error: listen EADDRINUSE: address already in use :::3000
    at <unknown> (Error: listen EADDRINUSE: address already in use :::3000)
    at new Promise (<anonymous>) {
  code: 'EADDRINUSE',
  errno: -98,
  syscall: 'listen',
  address: '::',
  port: 3000
}
[?25h
Server exited with code: 1
Restarting server in 3 seconds...
Server started with PID: 13703
⨯ Failed to start server
Error: listen EADDRINUSE: address already in use :::3000
    at <unknown> (Error: listen EADDRINUSE: address already in use :::3000)
    at new Promise (<anonymous>) {
  code: 'EADDRINUSE',
  errno: -98,
  syscall: 'listen',
  address: '::',
  port: 3000
}
[?25h
Server exited with code: 1
Restarting server in 3 seconds...
Server started with PID: 13746
⨯ Failed to start server
Error: listen EADDRINUSE: address already in use :::3000
    at <unknown> (Error: listen EADDRINUSE: address already in use :::3000)
    at new Promise (<anonymous>) {
  code: 'EADDRINUSE',
  errno: -98,
  syscall: 'listen',
  address: '::',
  port: 3000
}
[?25h
Server exited with code: 1
Restarting server in 3 seconds...
Server started with PID: 13789
⨯ Failed to start server
Error: listen EADDRINUSE: address already in use :::3000
    at <unknown> (Error: listen EADDRINUSE: address already in use :::3000)
    at new Promise (<anonymous>) {
  code: 'EADDRINUSE',
  errno: -98,
  syscall: 'listen',
  address: '::',
  port: 3000
}
[?25h
Server exited with code: 1
Restarting server in 3 seconds...
Server started with PID: 13832
⨯ Failed to start server
Error: listen EADDRINUSE: address already in use :::3000
    at <unknown> (Error: listen EADDRINUSE: address already in use :::3000)
    at new Promise (<anonymous>) {
  code: 'EADDRINUSE',
  errno: -98,
  syscall: 'listen',
  address: '::',
  port: 3000
}
[?25h
Server exited with code: 1
Restarting server in 3 seconds...
Server started with PID: 13875
⨯ Failed to start server
Error: listen EADDRINUSE: address already in use :::3000
    at <unknown> (Error: listen EADDRINUSE: address already in use :::3000)
    at new Promise (<anonymous>) {
  code: 'EADDRINUSE',
  errno: -98,
  syscall: 'listen',
  address: '::',
  port: 3000
}
[?25h
Server exited with code: 1
Restarting server in 3 seconds...
Server started with PID: 13918
⨯ Failed to start server
Error: listen EADDRINUSE: address already in use :::3000
    at <unknown> (Error: listen EADDRINUSE: address already in use :::3000)
    at new Promise (<anonymous>) {
  code: 'EADDRINUSE',
  errno: -98,
  syscall: 'listen',
  address: '::',
  port: 3000
}
[?25h
Server exited with code: 1
Restarting server in 3 seconds...
Server started with PID: 13961
⨯ Failed to start server
Error: listen EADDRINUSE: address already in use :::3000
    at <unknown> (Error: listen EADDRINUSE: address already in use :::3000)
    at new Promise (<anonymous>) {
  code: 'EADDRINUSE',
  errno: -98,
  syscall: 'listen',
  address: '::',
  port: 3000
}
[?25h
Server exited with code: 1
Restarting server in 3 seconds...
Server started with PID: 14004
⨯ Failed to start server
Error: listen EADDRINUSE: address already in use :::3000
    at <unknown> (Error: listen EADDRINUSE: address already in use :::3000)
    at new Promise (<anonymous>) {
  code: 'EADDRINUSE',
  errno: -98,
  syscall: 'listen',
  address: '::',
  port: 3000
}
[?25h
Server exited with code: 1
Restarting server in 3 seconds...
Server started with PID: 14047
⨯ Failed to start server
Error: listen EADDRINUSE: address already in use :::3000
    at <unknown> (Error: listen EADDRINUSE: address already in use :::3000)
    at new Promise (<anonymous>) {
  code: 'EADDRINUSE',
  errno: -98,
  syscall: 'listen',
  address: '::',
  port: 3000
}
[?25h
Server exited with code: 1
Restarting server in 3 seconds...
Server started with PID: 14091
⨯ Failed to start server
Error: listen EADDRINUSE: address already in use :::3000
    at <unknown> (Error: listen EADDRINUSE: address already in use :::3000)
    at new Promise (<anonymous>) {
  code: 'EADDRINUSE',
  errno: -98,
  syscall: 'listen',
  address: '::',
  port: 3000
}
[?25h
Server exited with code: 1
Restarting server in 3 seconds...
Server started with PID: 14134
⨯ Failed to start server
Error: listen EADDRINUSE: address already in use :::3000
    at <unknown> (Error: listen EADDRINUSE: address already in use :::3000)
    at new Promise (<anonymous>) {
  code: 'EADDRINUSE',
  errno: -98,
  syscall: 'listen',
  address: '::',
  port: 3000
}
[?25h
Server exited with code: 1
Restarting server in 3 seconds...
Server started with PID: 14177
⨯ Failed to start server
Error: listen EADDRINUSE: address already in use :::3000
    at <unknown> (Error: listen EADDRINUSE: address already in use :::3000)
    at new Promise (<anonymous>) {
  code: 'EADDRINUSE',
  errno: -98,
  syscall: 'listen',
  address: '::',
  port: 3000
}
[?25h
Server exited with code: 1
Restarting server in 3 seconds...
Server started with PID: 14220
⨯ Failed to start server
Error: listen EADDRINUSE: address already in use :::3000
    at <unknown> (Error: listen EADDRINUSE: address already in use :::3000)
    at new Promise (<anonymous>) {
  code: 'EADDRINUSE',
  errno: -98,
  syscall: 'listen',
  address: '::',
  port: 3000
}
[?25h
Server exited with code: 1
Restarting server in 3 seconds...
Server started with PID: 14263
⨯ Failed to start server
Error: listen EADDRINUSE: address already in use :::3000
    at <unknown> (Error: listen EADDRINUSE: address already in use :::3000)
    at new Promise (<anonymous>) {
  code: 'EADDRINUSE',
  errno: -98,
  syscall: 'listen',
  address: '::',
  port: 3000
}
[?25h
Server exited with code: 1
Restarting server in 3 seconds...
Server started with PID: 14307
⨯ Failed to start server
Error: listen EADDRINUSE: address already in use :::3000
    at <unknown> (Error: listen EADDRINUSE: address already in use :::3000)
    at new Promise (<anonymous>) {
  code: 'EADDRINUSE',
  errno: -98,
  syscall: 'listen',
  address: '::',
  port: 3000
}
[?25h
Server exited with code: 1
Restarting server in 3 seconds...
Server started with PID: 14350
⨯ Failed to start server
Error: listen EADDRINUSE: address already in use :::3000
    at <unknown> (Error: listen EADDRINUSE: address already in use :::3000)
    at new Promise (<anonymous>) {
  code: 'EADDRINUSE',
  errno: -98,
  syscall: 'listen',
  address: '::',
  port: 3000
}
[?25h
Server exited with code: 1
Restarting server in 3 seconds...
Server started with PID: 14393
⨯ Failed to start server
Error: listen EADDRINUSE: address already in use :::3000
    at <unknown> (Error: listen EADDRINUSE: address already in use :::3000)
    at new Promise (<anonymous>) {
  code: 'EADDRINUSE',
  errno: -98,
  syscall: 'listen',
  address: '::',
  port: 3000
}
[?25h
Server exited with code: 1
Restarting server in 3 seconds...
Server started with PID: 14436
⨯ Failed to start server
Error: listen EADDRINUSE: address already in use :::3000
    at <unknown> (Error: listen EADDRINUSE: address already in use :::3000)
    at new Promise (<anonymous>) {
  code: 'EADDRINUSE',
  errno: -98,
  syscall: 'listen',
  address: '::',
  port: 3000
}
[?25h
Server exited with code: 1
Restarting server in 3 seconds...
Server started with PID: 14479
⨯ Failed to start server
Error: listen EADDRINUSE: address already in use :::3000
    at <unknown> (Error: listen EADDRINUSE: address already in use :::3000)
    at new Promise (<anonymous>) {
  code: 'EADDRINUSE',
  errno: -98,
  syscall: 'listen',
  address: '::',
  port: 3000
}
[?25h
Server exited with code: 1
Restarting server in 3 seconds...
Server started with PID: 14522
⨯ Failed to start server
Error: listen EADDRINUSE: address already in use :::3000
    at <unknown> (Error: listen EADDRINUSE: address already in use :::3000)
    at new Promise (<anonymous>) {
  code: 'EADDRINUSE',
  errno: -98,
  syscall: 'listen',
  address: '::',
  port: 3000
}
[?25h
Server exited with code: 1
Restarting server in 3 seconds...
Server started with PID: 14565
⨯ Failed to start server
Error: listen EADDRINUSE: address already in use :::3000
    at <unknown> (Error: listen EADDRINUSE: address already in use :::3000)
    at new Promise (<anonymous>) {
  code: 'EADDRINUSE',
  errno: -98,
  syscall: 'listen',
  address: '::',
  port: 3000
}
[?25h
Server exited with code: 1
Restarting server in 3 seconds...
Server started with PID: 14608
⨯ Failed to start server
Error: listen EADDRINUSE: address already in use :::3000
    at <unknown> (Error: listen EADDRINUSE: address already in use :::3000)
    at new Promise (<anonymous>) {
  code: 'EADDRINUSE',
  errno: -98,
  syscall: 'listen',
  address: '::',
  port: 3000
}
[?25h
Server exited with code: 1
Restarting server in 3 seconds...
Server started with PID: 14651
⨯ Failed to start server
Error: listen EADDRINUSE: address already in use :::3000
    at <unknown> (Error: listen EADDRINUSE: address already in use :::3000)
    at new Promise (<anonymous>) {
  code: 'EADDRINUSE',
  errno: -98,
  syscall: 'listen',
  address: '::',
  port: 3000
}
[?25h
Server exited with code: 1
Restarting server in 3 seconds...
Server started with PID: 14694
⨯ Failed to start server
Error: listen EADDRINUSE: address already in use :::3000
    at <unknown> (Error: listen EADDRINUSE: address already in use :::3000)
    at new Promise (<anonymous>) {
  code: 'EADDRINUSE',
  errno: -98,
  syscall: 'listen',
  address: '::',
  port: 3000
}
[?25h
Server exited with code: 1
Restarting server in 3 seconds...
Server started with PID: 14737
⨯ Failed to start server
Error: listen EADDRINUSE: address already in use :::3000
    at <unknown> (Error: listen EADDRINUSE: address already in use :::3000)
    at new Promise (<anonymous>) {
  code: 'EADDRINUSE',
  errno: -98,
  syscall: 'listen',
  address: '::',
  port: 3000
}
[?25h
Server exited with code: 1
Restarting server in 3 seconds...
Server started with PID: 14780
⨯ Failed to start server
Error: listen EADDRINUSE: address already in use :::3000
    at <unknown> (Error: listen EADDRINUSE: address already in use :::3000)
    at new Promise (<anonymous>) {
  code: 'EADDRINUSE',
  errno: -98,
  syscall: 'listen',
  address: '::',
  port: 3000
}
[?25h
Server exited with code: 1
Restarting server in 3 seconds...
Server started with PID: 14823
⨯ Failed to start server
Error: listen EADDRINUSE: address already in use :::3000
    at <unknown> (Error: listen EADDRINUSE: address already in use :::3000)
    at new Promise (<anonymous>) {
  code: 'EADDRINUSE',
  errno: -98,
  syscall: 'listen',
  address: '::',
  port: 3000
}
[?25h
Server exited with code: 1
Restarting server in 3 seconds...
Server started with PID: 14866
⨯ Failed to start server
Error: listen EADDRINUSE: address already in use :::3000
    at <unknown> (Error: listen EADDRINUSE: address already in use :::3000)
    at new Promise (<anonymous>) {
  code: 'EADDRINUSE',
  errno: -98,
  syscall: 'listen',
  address: '::',
  port: 3000
}
[?25h
Server exited with code: 1
Restarting server in 3 seconds...
Server started with PID: 14909
⨯ Failed to start server
Error: listen EADDRINUSE: address already in use :::3000
    at <unknown> (Error: listen EADDRINUSE: address already in use :::3000)
    at new Promise (<anonymous>) {
  code: 'EADDRINUSE',
  errno: -98,
  syscall: 'listen',
  address: '::',
  port: 3000
}
[?25h
Server exited with code: 1
Restarting server in 3 seconds...
Server started with PID: 14952
⨯ Failed to start server
Error: listen EADDRINUSE: address already in use :::3000
    at <unknown> (Error: listen EADDRINUSE: address already in use :::3000)
    at new Promise (<anonymous>) {
  code: 'EADDRINUSE',
  errno: -98,
  syscall: 'listen',
  address: '::',
  port: 3000
}
[?25h
Server exited with code: 1
Restarting server in 3 seconds...
Server started with PID: 14995
⨯ Failed to start server
Error: listen EADDRINUSE: address already in use :::3000
    at <unknown> (Error: listen EADDRINUSE: address already in use :::3000)
    at new Promise (<anonymous>) {
  code: 'EADDRINUSE',
  errno: -98,
  syscall: 'listen',
  address: '::',
  port: 3000
}
[?25h
Server exited with code: 1
Restarting server in 3 seconds...
Server started with PID: 15038
⨯ Failed to start server
Error: listen EADDRINUSE: address already in use :::3000
    at <unknown> (Error: listen EADDRINUSE: address already in use :::3000)
    at new Promise (<anonymous>) {
  code: 'EADDRINUSE',
  errno: -98,
  syscall: 'listen',
  address: '::',
  port: 3000
}
[?25h
Server exited with code: 1
Restarting server in 3 seconds...
Server started with PID: 15081
⨯ Failed to start server
Error: listen EADDRINUSE: address already in use :::3000
    at <unknown> (Error: listen EADDRINUSE: address already in use :::3000)
    at new Promise (<anonymous>) {
  code: 'EADDRINUSE',
  errno: -98,
  syscall: 'listen',
  address: '::',
  port: 3000
}
[?25h
Server exited with code: 1
Restarting server in 3 seconds...
Server started with PID: 15124
⨯ Failed to start server
Error: listen EADDRINUSE: address already in use :::3000
    at <unknown> (Error: listen EADDRINUSE: address already in use :::3000)
    at new Promise (<anonymous>) {
  code: 'EADDRINUSE',
  errno: -98,
  syscall: 'listen',
  address: '::',
  port: 3000
}
[?25h
Server exited with code: 1
Restarting server in 3 seconds...
Server started with PID: 15167
⨯ Failed to start server
Error: listen EADDRINUSE: address already in use :::3000
    at <unknown> (Error: listen EADDRINUSE: address already in use :::3000)
    at new Promise (<anonymous>) {
  code: 'EADDRINUSE',
  errno: -98,
  syscall: 'listen',
  address: '::',
  port: 3000
}
[?25h
Server exited with code: 1
Restarting server in 3 seconds...
Server started with PID: 15210
⨯ Failed to start server
Error: listen EADDRINUSE: address already in use :::3000
    at <unknown> (Error: listen EADDRINUSE: address already in use :::3000)
    at new Promise (<anonymous>) {
  code: 'EADDRINUSE',
  errno: -98,
  syscall: 'listen',
  address: '::',
  port: 3000
}
[?25h
Server exited with code: 1
Restarting server in 3 seconds...
Server started with PID: 15253
⨯ Failed to start server
Error: listen EADDRINUSE: address already in use :::3000
    at <unknown> (Error: listen EADDRINUSE: address already in use :::3000)
    at new Promise (<anonymous>) {
  code: 'EADDRINUSE',
  errno: -98,
  syscall: 'listen',
  address: '::',
  port: 3000
}
[?25h
Server exited with code: 1
Restarting server in 3 seconds...
Server started with PID: 15296
⨯ Failed to start server
Error: listen EADDRINUSE: address already in use :::3000
    at <unknown> (Error: listen EADDRINUSE: address already in use :::3000)
    at new Promise (<anonymous>) {
  code: 'EADDRINUSE',
  errno: -98,
  syscall: 'listen',
  address: '::',
  port: 3000
}
[?25h
Server exited with code: 1
Restarting server in 3 seconds...
Server started with PID: 15339
⨯ Failed to start server
Error: listen EADDRINUSE: address already in use :::3000
    at <unknown> (Error: listen EADDRINUSE: address already in use :::3000)
    at new Promise (<anonymous>) {
  code: 'EADDRINUSE',
  errno: -98,
  syscall: 'listen',
  address: '::',
  port: 3000
}
[?25h
Server exited with code: 1
Restarting server in 3 seconds...
Server started with PID: 15382
⨯ Failed to start server
Error: listen EADDRINUSE: address already in use :::3000
    at <unknown> (Error: listen EADDRINUSE: address already in use :::3000)
    at new Promise (<anonymous>) {
  code: 'EADDRINUSE',
  errno: -98,
  syscall: 'listen',
  address: '::',
  port: 3000
}
[?25h
Server exited with code: 1
Restarting server in 3 seconds...
Server started with PID: 15425
⨯ Failed to start server
Error: listen EADDRINUSE: address already in use :::3000
    at <unknown> (Error: listen EADDRINUSE: address already in use :::3000)
    at new Promise (<anonymous>) {
  code: 'EADDRINUSE',
  errno: -98,
  syscall: 'listen',
  address: '::',
  port: 3000
}
[?25h
Server exited with code: 1
Restarting server in 3 seconds...
Server started with PID: 15468
⨯ Failed to start server
Error: listen EADDRINUSE: address already in use :::3000
    at <unknown> (Error: listen EADDRINUSE: address already in use :::3000)
    at new Promise (<anonymous>) {
  code: 'EADDRINUSE',
  errno: -98,
  syscall: 'listen',
  address: '::',
  port: 3000
}
[?25h
Server exited with code: 1
Restarting server in 3 seconds...
Server started with PID: 15511
⨯ Failed to start server
Error: listen EADDRINUSE: address already in use :::3000
    at <unknown> (Error: listen EADDRINUSE: address already in use :::3000)
    at new Promise (<anonymous>) {
  code: 'EADDRINUSE',
  errno: -98,
  syscall: 'listen',
  address: '::',
  port: 3000
}
[?25h
Server exited with code: 1
Restarting server in 3 seconds...
Server started with PID: 15554
⨯ Failed to start server
Error: listen EADDRINUSE: address already in use :::3000
    at <unknown> (Error: listen EADDRINUSE: address already in use :::3000)
    at new Promise (<anonymous>) {
  code: 'EADDRINUSE',
  errno: -98,
  syscall: 'listen',
  address: '::',
  port: 3000
}
[?25h
Server exited with code: 1
Restarting server in 3 seconds...
Server started with PID: 15597
⨯ Failed to start server
Error: listen EADDRINUSE: address already in use :::3000
    at <unknown> (Error: listen EADDRINUSE: address already in use :::3000)
    at new Promise (<anonymous>) {
  code: 'EADDRINUSE',
  errno: -98,
  syscall: 'listen',
  address: '::',
  port: 3000
}
[?25h
Server exited with code: 1
Restarting server in 3 seconds...
Server started with PID: 15640
⨯ Failed to start server
Error: listen EADDRINUSE: address already in use :::3000
    at <unknown> (Error: listen EADDRINUSE: address already in use :::3000)
    at new Promise (<anonymous>) {
  code: 'EADDRINUSE',
  errno: -98,
  syscall: 'listen',
  address: '::',
  port: 3000
}
[?25h
Server exited with code: 1
Restarting server in 3 seconds...
Server started with PID: 15683
⨯ Failed to start server
Error: listen EADDRINUSE: address already in use :::3000
    at <unknown> (Error: listen EADDRINUSE: address already in use :::3000)
    at new Promise (<anonymous>) {
  code: 'EADDRINUSE',
  errno: -98,
  syscall: 'listen',
  address: '::',
  port: 3000
}
[?25h
Server exited with code: 1
Restarting server in 3 seconds...
Server started with PID: 15726
⨯ Failed to start server
Error: listen EADDRINUSE: address already in use :::3000
    at <unknown> (Error: listen EADDRINUSE: address already in use :::3000)
    at new Promise (<anonymous>) {
  code: 'EADDRINUSE',
  errno: -98,
  syscall: 'listen',
  address: '::',
  port: 3000
}
[?25h
Server exited with code: 1
Restarting server in 3 seconds...
Server started with PID: 15769
⨯ Failed to start server
Error: listen EADDRINUSE: address already in use :::3000
    at <unknown> (Error: listen EADDRINUSE: address already in use :::3000)
    at new Promise (<anonymous>) {
  code: 'EADDRINUSE',
  errno: -98,
  syscall: 'listen',
  address: '::',
  port: 3000
}
[?25h
Server exited with code: 1
Restarting server in 3 seconds...
Server started with PID: 15812
⨯ Failed to start server
Error: listen EADDRINUSE: address already in use :::3000
    at <unknown> (Error: listen EADDRINUSE: address already in use :::3000)
    at new Promise (<anonymous>) {
  code: 'EADDRINUSE',
  errno: -98,
  syscall: 'listen',
  address: '::',
  port: 3000
}
[?25h
Server exited with code: 1
Restarting server in 3 seconds...
Server started with PID: 15855
⨯ Failed to start server
Error: listen EADDRINUSE: address already in use :::3000
    at <unknown> (Error: listen EADDRINUSE: address already in use :::3000)
    at new Promise (<anonymous>) {
  code: 'EADDRINUSE',
  errno: -98,
  syscall: 'listen',
  address: '::',
  port: 3000
}
[?25h
Server exited with code: 1
Restarting server in 3 seconds...
Server started with PID: 15898
⨯ Failed to start server
Error: listen EADDRINUSE: address already in use :::3000
    at <unknown> (Error: listen EADDRINUSE: address already in use :::3000)
    at new Promise (<anonymous>) {
  code: 'EADDRINUSE',
  errno: -98,
  syscall: 'listen',
  address: '::',
  port: 3000
}
[?25h
Server exited with code: 1
Restarting server in 3 seconds...
Server started with PID: 15941
⨯ Failed to start server
Error: listen EADDRINUSE: address already in use :::3000
    at <unknown> (Error: listen EADDRINUSE: address already in use :::3000)
    at new Promise (<anonymous>) {
  code: 'EADDRINUSE',
  errno: -98,
  syscall: 'listen',
  address: '::',
  port: 3000
}
[?25h
Server exited with code: 1
Restarting server in 3 seconds...
Server started with PID: 15984
⨯ Failed to start server
Error: listen EADDRINUSE: address already in use :::3000
    at <unknown> (Error: listen EADDRINUSE: address already in use :::3000)
    at new Promise (<anonymous>) {
  code: 'EADDRINUSE',
  errno: -98,
  syscall: 'listen',
  address: '::',
  port: 3000
}
[?25h
Server exited with code: 1
Restarting server in 3 seconds...
Server started with PID: 16027
⨯ Failed to start server
Error: listen EADDRINUSE: address already in use :::3000
    at <unknown> (Error: listen EADDRINUSE: address already in use :::3000)
    at new Promise (<anonymous>) {
  code: 'EADDRINUSE',
  errno: -98,
  syscall: 'listen',
  address: '::',
  port: 3000
}
[?25h
Server exited with code: 1
Restarting server in 3 seconds...
Server started with PID: 16070
⨯ Failed to start server
Error: listen EADDRINUSE: address already in use :::3000
    at <unknown> (Error: listen EADDRINUSE: address already in use :::3000)
    at new Promise (<anonymous>) {
  code: 'EADDRINUSE',
  errno: -98,
  syscall: 'listen',
  address: '::',
  port: 3000
}
[?25h
Server exited with code: 1
Restarting server in 3 seconds...
Server started with PID: 16113
⨯ Failed to start server
Error: listen EADDRINUSE: address already in use :::3000
    at <unknown> (Error: listen EADDRINUSE: address already in use :::3000)
    at new Promise (<anonymous>) {
  code: 'EADDRINUSE',
  errno: -98,
  syscall: 'listen',
  address: '::',
  port: 3000
}
[?25h
Server exited with code: 1
Restarting server in 3 seconds...
Server started with PID: 16156
⨯ Failed to start server
Error: listen EADDRINUSE: address already in use :::3000
    at <unknown> (Error: listen EADDRINUSE: address already in use :::3000)
    at new Promise (<anonymous>) {
  code: 'EADDRINUSE',
  errno: -98,
  syscall: 'listen',
  address: '::',
  port: 3000
}
[?25h
Server exited with code: 1
Restarting server in 3 seconds...
Server started with PID: 16199
⨯ Failed to start server
Error: listen EADDRINUSE: address already in use :::3000
    at <unknown> (Error: listen EADDRINUSE: address already in use :::3000)
    at new Promise (<anonymous>) {
  code: 'EADDRINUSE',
  errno: -98,
  syscall: 'listen',
  address: '::',
  port: 3000
}
[?25h
Server exited with code: 1
Restarting server in 3 seconds...
Server started with PID: 16242
⨯ Failed to start server
Error: listen EADDRINUSE: address already in use :::3000
    at <unknown> (Error: listen EADDRINUSE: address already in use :::3000)
    at new Promise (<anonymous>) {
  code: 'EADDRINUSE',
  errno: -98,
  syscall: 'listen',
  address: '::',
  port: 3000
}
[?25h
Server exited with code: 1
Restarting server in 3 seconds...
Server started with PID: 16285
⨯ Failed to start server
Error: listen EADDRINUSE: address already in use :::3000
    at <unknown> (Error: listen EADDRINUSE: address already in use :::3000)
    at new Promise (<anonymous>) {
  code: 'EADDRINUSE',
  errno: -98,
  syscall: 'listen',
  address: '::',
  port: 3000
}
[?25h
Server exited with code: 1
Restarting server in 3 seconds...
Server started with PID: 16328
⨯ Failed to start server
Error: listen EADDRINUSE: address already in use :::3000
    at <unknown> (Error: listen EADDRINUSE: address already in use :::3000)
    at new Promise (<anonymous>) {
  code: 'EADDRINUSE',
  errno: -98,
  syscall: 'listen',
  address: '::',
  port: 3000
}
[?25h
Server exited with code: 1
Restarting server in 3 seconds...
Server started with PID: 16371
⨯ Failed to start server
Error: listen EADDRINUSE: address already in use :::3000
    at <unknown> (Error: listen EADDRINUSE: address already in use :::3000)
    at new Promise (<anonymous>) {
  code: 'EADDRINUSE',
  errno: -98,
  syscall: 'listen',
  address: '::',
  port: 3000
}
[?25h
Server exited with code: 1
Restarting server in 3 seconds...
Server started with PID: 16414
⨯ Failed to start server
Error: listen EADDRINUSE: address already in use :::3000
    at <unknown> (Error: listen EADDRINUSE: address already in use :::3000)
    at new Promise (<anonymous>) {
  code: 'EADDRINUSE',
  errno: -98,
  syscall: 'listen',
  address: '::',
  port: 3000
}
[?25h
Server exited with code: 1
Restarting server in 3 seconds...
Server started with PID: 16457
⨯ Failed to start server
Error: listen EADDRINUSE: address already in use :::3000
    at <unknown> (Error: listen EADDRINUSE: address already in use :::3000)
    at new Promise (<anonymous>) {
  code: 'EADDRINUSE',
  errno: -98,
  syscall: 'listen',
  address: '::',
  port: 3000
}
[?25h
Server exited with code: 1
Restarting server in 3 seconds...
Server started with PID: 16500
⨯ Failed to start server
Error: listen EADDRINUSE: address already in use :::3000
    at <unknown> (Error: listen EADDRINUSE: address already in use :::3000)
    at new Promise (<anonymous>) {
  code: 'EADDRINUSE',
  errno: -98,
  syscall: 'listen',
  address: '::',
  port: 3000
}
[?25h
Server exited with code: 1
Restarting server in 3 seconds...
Server started with PID: 16543
⨯ Failed to start server
Error: listen EADDRINUSE: address already in use :::3000
    at <unknown> (Error: listen EADDRINUSE: address already in use :::3000)
    at new Promise (<anonymous>) {
  code: 'EADDRINUSE',
  errno: -98,
  syscall: 'listen',
  address: '::',
  port: 3000
}
[?25h
Server exited with code: 1
Restarting server in 3 seconds...
Server started with PID: 16586
⨯ Failed to start server
Error: listen EADDRINUSE: address already in use :::3000
    at <unknown> (Error: listen EADDRINUSE: address already in use :::3000)
    at new Promise (<anonymous>) {
  code: 'EADDRINUSE',
  errno: -98,
  syscall: 'listen',
  address: '::',
  port: 3000
}
[?25h
Server exited with code: 1
Restarting server in 3 seconds...
Server started with PID: 16629
⨯ Failed to start server
Error: listen EADDRINUSE: address already in use :::3000
    at <unknown> (Error: listen EADDRINUSE: address already in use :::3000)
    at new Promise (<anonymous>) {
  code: 'EADDRINUSE',
  errno: -98,
  syscall: 'listen',
  address: '::',
  port: 3000
}
[?25h
Server exited with code: 1
Restarting server in 3 seconds...
Server started with PID: 16672
⨯ Failed to start server
Error: listen EADDRINUSE: address already in use :::3000
    at <unknown> (Error: listen EADDRINUSE: address already in use :::3000)
    at new Promise (<anonymous>) {
  code: 'EADDRINUSE',
  errno: -98,
  syscall: 'listen',
  address: '::',
  port: 3000
}
[?25h
Server exited with code: 1
Restarting server in 3 seconds...
Server started with PID: 16716
⨯ Failed to start server
Error: listen EADDRINUSE: address already in use :::3000
    at <unknown> (Error: listen EADDRINUSE: address already in use :::3000)
    at new Promise (<anonymous>) {
  code: 'EADDRINUSE',
  errno: -98,
  syscall: 'listen',
  address: '::',
  port: 3000
}
[?25h
Server exited with code: 1
Restarting server in 3 seconds...
Server started with PID: 16759
⨯ Failed to start server
Error: listen EADDRINUSE: address already in use :::3000
    at <unknown> (Error: listen EADDRINUSE: address already in use :::3000)
    at new Promise (<anonymous>) {
  code: 'EADDRINUSE',
  errno: -98,
  syscall: 'listen',
  address: '::',
  port: 3000
}
[?25h
Server exited with code: 1
Restarting server in 3 seconds...
Server started with PID: 16802
⨯ Failed to start server
Error: listen EADDRINUSE: address already in use :::3000
    at <unknown> (Error: listen EADDRINUSE: address already in use :::3000)
    at new Promise (<anonymous>) {
  code: 'EADDRINUSE',
  errno: -98,
  syscall: 'listen',
  address: '::',
  port: 3000
}
[?25h
Server exited with code: 1
Restarting server in 3 seconds...
Server started with PID: 16845
⨯ Failed to start server
Error: listen EADDRINUSE: address already in use :::3000
    at <unknown> (Error: listen EADDRINUSE: address already in use :::3000)
    at new Promise (<anonymous>) {
  code: 'EADDRINUSE',
  errno: -98,
  syscall: 'listen',
  address: '::',
  port: 3000
}
[?25h
Server exited with code: 1
Restarting server in 3 seconds...
Server started with PID: 16889
⨯ Failed to start server
Error: listen EADDRINUSE: address already in use :::3000
    at <unknown> (Error: listen EADDRINUSE: address already in use :::3000)
    at new Promise (<anonymous>) {
  code: 'EADDRINUSE',
  errno: -98,
  syscall: 'listen',
  address: '::',
  port: 3000
}
[?25h
Server exited with code: 1
Restarting server in 3 seconds...
Server started with PID: 16932
⨯ Failed to start server
Error: listen EADDRINUSE: address already in use :::3000
    at <unknown> (Error: listen EADDRINUSE: address already in use :::3000)
    at new Promise (<anonymous>) {
  code: 'EADDRINUSE',
  errno: -98,
  syscall: 'listen',
  address: '::',
  port: 3000
}
[?25h
Server exited with code: 1
Restarting server in 3 seconds...
Server started with PID: 16975
⨯ Failed to start server
Error: listen EADDRINUSE: address already in use :::3000
    at <unknown> (Error: listen EADDRINUSE: address already in use :::3000)
    at new Promise (<anonymous>) {
  code: 'EADDRINUSE',
  errno: -98,
  syscall: 'listen',
  address: '::',
  port: 3000
}
[?25h
Server exited with code: 1
Restarting server in 3 seconds...
Server started with PID: 17018
⨯ Failed to start server
Error: listen EADDRINUSE: address already in use :::3000
    at <unknown> (Error: listen EADDRINUSE: address already in use :::3000)
    at new Promise (<anonymous>) {
  code: 'EADDRINUSE',
  errno: -98,
  syscall: 'listen',
  address: '::',
  port: 3000
}
[?25h
Server exited with code: 1
Restarting server in 3 seconds...
Server started with PID: 17061
⨯ Failed to start server
Error: listen EADDRINUSE: address already in use :::3000
    at <unknown> (Error: listen EADDRINUSE: address already in use :::3000)
    at new Promise (<anonymous>) {
  code: 'EADDRINUSE',
  errno: -98,
  syscall: 'listen',
  address: '::',
  port: 3000
}
[?25h
Server exited with code: 1
Restarting server in 3 seconds...
Server started with PID: 17104
⨯ Failed to start server
Error: listen EADDRINUSE: address already in use :::3000
    at <unknown> (Error: listen EADDRINUSE: address already in use :::3000)
    at new Promise (<anonymous>) {
  code: 'EADDRINUSE',
  errno: -98,
  syscall: 'listen',
  address: '::',
  port: 3000
}
[?25h
Server exited with code: 1
Restarting server in 3 seconds...
Server started with PID: 17147
⨯ Failed to start server
Error: listen EADDRINUSE: address already in use :::3000
    at <unknown> (Error: listen EADDRINUSE: address already in use :::3000)
    at new Promise (<anonymous>) {
  code: 'EADDRINUSE',
  errno: -98,
  syscall: 'listen',
  address: '::',
  port: 3000
}
[?25h
Server exited with code: 1
Restarting server in 3 seconds...
Server started with PID: 17190
⨯ Failed to start server
Error: listen EADDRINUSE: address already in use :::3000
    at <unknown> (Error: listen EADDRINUSE: address already in use :::3000)
    at new Promise (<anonymous>) {
  code: 'EADDRINUSE',
  errno: -98,
  syscall: 'listen',
  address: '::',
  port: 3000
}
[?25h
Server exited with code: 1
Restarting server in 3 seconds...
Server started with PID: 17233
⨯ Failed to start server
Error: listen EADDRINUSE: address already in use :::3000
    at <unknown> (Error: listen EADDRINUSE: address already in use :::3000)
    at new Promise (<anonymous>) {
  code: 'EADDRINUSE',
  errno: -98,
  syscall: 'listen',
  address: '::',
  port: 3000
}
[?25h
Server exited with code: 1
Restarting server in 3 seconds...
Server started with PID: 17276
⨯ Failed to start server
Error: listen EADDRINUSE: address already in use :::3000
    at <unknown> (Error: listen EADDRINUSE: address already in use :::3000)
    at new Promise (<anonymous>) {
  code: 'EADDRINUSE',
  errno: -98,
  syscall: 'listen',
  address: '::',
  port: 3000
}
[?25h
Server exited with code: 1
Restarting server in 3 seconds...
Server started with PID: 17319
⨯ Failed to start server
Error: listen EADDRINUSE: address already in use :::3000
    at <unknown> (Error: listen EADDRINUSE: address already in use :::3000)
    at new Promise (<anonymous>) {
  code: 'EADDRINUSE',
  errno: -98,
  syscall: 'listen',
  address: '::',
  port: 3000
}
[?25h
Server exited with code: 1
Restarting server in 3 seconds...
Server started with PID: 17362
⨯ Failed to start server
Error: listen EADDRINUSE: address already in use :::3000
    at <unknown> (Error: listen EADDRINUSE: address already in use :::3000)
    at new Promise (<anonymous>) {
  code: 'EADDRINUSE',
  errno: -98,
  syscall: 'listen',
  address: '::',
  port: 3000
}
[?25h
Server exited with code: 1
Restarting server in 3 seconds...
Server started with PID: 17405
⨯ Failed to start server
Error: listen EADDRINUSE: address already in use :::3000
    at <unknown> (Error: listen EADDRINUSE: address already in use :::3000)
    at new Promise (<anonymous>) {
  code: 'EADDRINUSE',
  errno: -98,
  syscall: 'listen',
  address: '::',
  port: 3000
}
[?25h
Server exited with code: 1
Restarting server in 3 seconds...
Server started with PID: 17448
⨯ Failed to start server
Error: listen EADDRINUSE: address already in use :::3000
    at <unknown> (Error: listen EADDRINUSE: address already in use :::3000)
    at new Promise (<anonymous>) {
  code: 'EADDRINUSE',
  errno: -98,
  syscall: 'listen',
  address: '::',
  port: 3000
}
[?25h
Server exited with code: 1
Restarting server in 3 seconds...
Server started with PID: 17491
⨯ Failed to start server
Error: listen EADDRINUSE: address already in use :::3000
    at <unknown> (Error: listen EADDRINUSE: address already in use :::3000)
    at new Promise (<anonymous>) {
  code: 'EADDRINUSE',
  errno: -98,
  syscall: 'listen',
  address: '::',
  port: 3000
}
[?25h
Server exited with code: 1
Restarting server in 3 seconds...
Server started with PID: 17534
⨯ Failed to start server
Error: listen EADDRINUSE: address already in use :::3000
    at <unknown> (Error: listen EADDRINUSE: address already in use :::3000)
    at new Promise (<anonymous>) {
  code: 'EADDRINUSE',
  errno: -98,
  syscall: 'listen',
  address: '::',
  port: 3000
}
[?25h
Server exited with code: 1
Restarting server in 3 seconds...
Server started with PID: 17577
⨯ Failed to start server
Error: listen EADDRINUSE: address already in use :::3000
    at <unknown> (Error: listen EADDRINUSE: address already in use :::3000)
    at new Promise (<anonymous>) {
  code: 'EADDRINUSE',
  errno: -98,
  syscall: 'listen',
  address: '::',
  port: 3000
}
[?25h
Server exited with code: 1
Restarting server in 3 seconds...
Server started with PID: 17620
⨯ Failed to start server
Error: listen EADDRINUSE: address already in use :::3000
    at <unknown> (Error: listen EADDRINUSE: address already in use :::3000)
    at new Promise (<anonymous>) {
  code: 'EADDRINUSE',
  errno: -98,
  syscall: 'listen',
  address: '::',
  port: 3000
}
[?25h
Server exited with code: 1
Restarting server in 3 seconds...
Server started with PID: 17663
⨯ Failed to start server
Error: listen EADDRINUSE: address already in use :::3000
    at <unknown> (Error: listen EADDRINUSE: address already in use :::3000)
    at new Promise (<anonymous>) {
  code: 'EADDRINUSE',
  errno: -98,
  syscall: 'listen',
  address: '::',
  port: 3000
}
[?25h
Server exited with code: 1
Restarting server in 3 seconds...
Server started with PID: 17706
⨯ Failed to start server
Error: listen EADDRINUSE: address already in use :::3000
    at <unknown> (Error: listen EADDRINUSE: address already in use :::3000)
    at new Promise (<anonymous>) {
  code: 'EADDRINUSE',
  errno: -98,
  syscall: 'listen',
  address: '::',
  port: 3000
}
[?25h
Server exited with code: 1
Restarting server in 3 seconds...
Server started with PID: 17749
⨯ Failed to start server
Error: listen EADDRINUSE: address already in use :::3000
    at <unknown> (Error: listen EADDRINUSE: address already in use :::3000)
    at new Promise (<anonymous>) {
  code: 'EADDRINUSE',
  errno: -98,
  syscall: 'listen',
  address: '::',
  port: 3000
}
[?25h
Server exited with code: 1
Restarting server in 3 seconds...
Server started with PID: 17792
⨯ Failed to start server
Error: listen EADDRINUSE: address already in use :::3000
    at <unknown> (Error: listen EADDRINUSE: address already in use :::3000)
    at new Promise (<anonymous>) {
  code: 'EADDRINUSE',
  errno: -98,
  syscall: 'listen',
  address: '::',
  port: 3000
}
[?25h
Server exited with code: 1
Restarting server in 3 seconds...
Server started with PID: 17835
⨯ Failed to start server
Error: listen EADDRINUSE: address already in use :::3000
    at <unknown> (Error: listen EADDRINUSE: address already in use :::3000)
    at new Promise (<anonymous>) {
  code: 'EADDRINUSE',
  errno: -98,
  syscall: 'listen',
  address: '::',
  port: 3000
}
[?25h
Server exited with code: 1
Restarting server in 3 seconds...
Server started with PID: 17878
⨯ Failed to start server
Error: listen EADDRINUSE: address already in use :::3000
    at <unknown> (Error: listen EADDRINUSE: address already in use :::3000)
    at new Promise (<anonymous>) {
  code: 'EADDRINUSE',
  errno: -98,
  syscall: 'listen',
  address: '::',
  port: 3000
}
[?25h
Server exited with code: 1
Restarting server in 3 seconds...
Server started with PID: 17925
⨯ Failed to start server
Error: listen EADDRINUSE: address already in use :::3000
    at <unknown> (Error: listen EADDRINUSE: address already in use :::3000)
    at new Promise (<anonymous>) {
  code: 'EADDRINUSE',
  errno: -98,
  syscall: 'listen',
  address: '::',
  port: 3000
}
[?25h
Server exited with code: 1
Restarting server in 3 seconds...
Server started with PID: 17968
⨯ Failed to start server
Error: listen EADDRINUSE: address already in use :::3000
    at <unknown> (Error: listen EADDRINUSE: address already in use :::3000)
    at new Promise (<anonymous>) {
  code: 'EADDRINUSE',
  errno: -98,
  syscall: 'listen',
  address: '::',
  port: 3000
}
[?25h
Server exited with code: 1
Restarting server in 3 seconds...
Server started with PID: 18011
⨯ Failed to start server
Error: listen EADDRINUSE: address already in use :::3000
    at <unknown> (Error: listen EADDRINUSE: address already in use :::3000)
    at new Promise (<anonymous>) {
  code: 'EADDRINUSE',
  errno: -98,
  syscall: 'listen',
  address: '::',
  port: 3000
}
[?25h
Server exited with code: 1
Restarting server in 3 seconds...
Server started with PID: 18054
⨯ Failed to start server
Error: listen EADDRINUSE: address already in use :::3000
    at <unknown> (Error: listen EADDRINUSE: address already in use :::3000)
    at new Promise (<anonymous>) {
  code: 'EADDRINUSE',
  errno: -98,
  syscall: 'listen',
  address: '::',
  port: 3000
}
[?25h
Server exited with code: 1
Restarting server in 3 seconds...
Server started with PID: 18097
⨯ Failed to start server
Error: listen EADDRINUSE: address already in use :::3000
    at <unknown> (Error: listen EADDRINUSE: address already in use :::3000)
    at new Promise (<anonymous>) {
  code: 'EADDRINUSE',
  errno: -98,
  syscall: 'listen',
  address: '::',
  port: 3000
}
[?25h
Server exited with code: 1
Restarting server in 3 seconds...
Server started with PID: 18140
⨯ Failed to start server
Error: listen EADDRINUSE: address already in use :::3000
    at <unknown> (Error: listen EADDRINUSE: address already in use :::3000)
    at new Promise (<anonymous>) {
  code: 'EADDRINUSE',
  errno: -98,
  syscall: 'listen',
  address: '::',
  port: 3000
}
[?25h
Server exited with code: 1
Restarting server in 3 seconds...
Server started with PID: 18184
⨯ Failed to start server
Error: listen EADDRINUSE: address already in use :::3000
    at <unknown> (Error: listen EADDRINUSE: address already in use :::3000)
    at new Promise (<anonymous>) {
  code: 'EADDRINUSE',
  errno: -98,
  syscall: 'listen',
  address: '::',
  port: 3000
}
[?25h
Server exited with code: 1
Restarting server in 3 seconds...
Server started with PID: 18227
⨯ Failed to start server
Error: listen EADDRINUSE: address already in use :::3000
    at <unknown> (Error: listen EADDRINUSE: address already in use :::3000)
    at new Promise (<anonymous>) {
  code: 'EADDRINUSE',
  errno: -98,
  syscall: 'listen',
  address: '::',
  port: 3000
}
[?25h
Server exited with code: 1
Restarting server in 3 seconds...
Server started with PID: 18273
⨯ Failed to start server
Error: listen EADDRINUSE: address already in use :::3000
    at <unknown> (Error: listen EADDRINUSE: address already in use :::3000)
    at new Promise (<anonymous>) {
  code: 'EADDRINUSE',
  errno: -98,
  syscall: 'listen',
  address: '::',
  port: 3000
}
[?25h
Server exited with code: 1
Restarting server in 3 seconds...
Server started with PID: 18316
⨯ Failed to start server
Error: listen EADDRINUSE: address already in use :::3000
    at <unknown> (Error: listen EADDRINUSE: address already in use :::3000)
    at new Promise (<anonymous>) {
  code: 'EADDRINUSE',
  errno: -98,
  syscall: 'listen',
  address: '::',
  port: 3000
}
[?25h
Server exited with code: 1
Restarting server in 3 seconds...
Server started with PID: 18359
⨯ Failed to start server
Error: listen EADDRINUSE: address already in use :::3000
    at <unknown> (Error: listen EADDRINUSE: address already in use :::3000)
    at new Promise (<anonymous>) {
  code: 'EADDRINUSE',
  errno: -98,
  syscall: 'listen',
  address: '::',
  port: 3000
}
[?25h
Server exited with code: 1
Restarting server in 3 seconds...
Server started with PID: 18402
⨯ Failed to start server
Error: listen EADDRINUSE: address already in use :::3000
    at <unknown> (Error: listen EADDRINUSE: address already in use :::3000)
    at new Promise (<anonymous>) {
  code: 'EADDRINUSE',
  errno: -98,
  syscall: 'listen',
  address: '::',
  port: 3000
}
[?25h
Server exited with code: 1
Restarting server in 3 seconds...
Server started with PID: 18445
⨯ Failed to start server
Error: listen EADDRINUSE: address already in use :::3000
    at <unknown> (Error: listen EADDRINUSE: address already in use :::3000)
    at new Promise (<anonymous>) {
  code: 'EADDRINUSE',
  errno: -98,
  syscall: 'listen',
  address: '::',
  port: 3000
}
[?25h
Server exited with code: 1
Restarting server in 3 seconds...
Server started with PID: 18488
⨯ Failed to start server
Error: listen EADDRINUSE: address already in use :::3000
    at <unknown> (Error: listen EADDRINUSE: address already in use :::3000)
    at new Promise (<anonymous>) {
  code: 'EADDRINUSE',
  errno: -98,
  syscall: 'listen',
  address: '::',
  port: 3000
}
[?25h
Server exited with code: 1
Restarting server in 3 seconds...
Server started with PID: 18532
⨯ Failed to start server
Error: listen EADDRINUSE: address already in use :::3000
    at <unknown> (Error: listen EADDRINUSE: address already in use :::3000)
    at new Promise (<anonymous>) {
  code: 'EADDRINUSE',
  errno: -98,
  syscall: 'listen',
  address: '::',
  port: 3000
}
[?25h
Server exited with code: 1
Restarting server in 3 seconds...
Server started with PID: 18578
⨯ Failed to start server
Error: listen EADDRINUSE: address already in use :::3000
    at <unknown> (Error: listen EADDRINUSE: address already in use :::3000)
    at new Promise (<anonymous>) {
  code: 'EADDRINUSE',
  errno: -98,
  syscall: 'listen',
  address: '::',
  port: 3000
}
[?25h
Server exited with code: 1
Restarting server in 3 seconds...
Server started with PID: 18621
⨯ Failed to start server
Error: listen EADDRINUSE: address already in use :::3000
    at <unknown> (Error: listen EADDRINUSE: address already in use :::3000)
    at new Promise (<anonymous>) {
  code: 'EADDRINUSE',
  errno: -98,
  syscall: 'listen',
  address: '::',
  port: 3000
}
[?25h
Server exited with code: 1
Restarting server in 3 seconds...
Server started with PID: 18664
⨯ Failed to start server
Error: listen EADDRINUSE: address already in use :::3000
    at <unknown> (Error: listen EADDRINUSE: address already in use :::3000)
    at new Promise (<anonymous>) {
  code: 'EADDRINUSE',
  errno: -98,
  syscall: 'listen',
  address: '::',
  port: 3000
}
[?25h
Server exited with code: 1
Restarting server in 3 seconds...
Server started with PID: 18707
⨯ Failed to start server
Error: listen EADDRINUSE: address already in use :::3000
    at <unknown> (Error: listen EADDRINUSE: address already in use :::3000)
    at new Promise (<anonymous>) {
  code: 'EADDRINUSE',
  errno: -98,
  syscall: 'listen',
  address: '::',
  port: 3000
}
[?25h
Server exited with code: 1
Restarting server in 3 seconds...
Server started with PID: 18750
⨯ Failed to start server
Error: listen EADDRINUSE: address already in use :::3000
    at <unknown> (Error: listen EADDRINUSE: address already in use :::3000)
    at new Promise (<anonymous>) {
  code: 'EADDRINUSE',
  errno: -98,
  syscall: 'listen',
  address: '::',
  port: 3000
}
[?25h
Server exited with code: 1
Restarting server in 3 seconds...
Server started with PID: 18807
⨯ Failed to start server
Error: listen EADDRINUSE: address already in use :::3000
    at <unknown> (Error: listen EADDRINUSE: address already in use :::3000)
    at new Promise (<anonymous>) {
  code: 'EADDRINUSE',
  errno: -98,
  syscall: 'listen',
  address: '::',
  port: 3000
}
[?25h
Server exited with code: 1
Restarting server in 3 seconds...
Server started with PID: 18867
⨯ Failed to start server
Error: listen EADDRINUSE: address already in use :::3000
    at <unknown> (Error: listen EADDRINUSE: address already in use :::3000)
    at new Promise (<anonymous>) {
  code: 'EADDRINUSE',
  errno: -98,
  syscall: 'listen',
  address: '::',
  port: 3000
}
[?25h
Server exited with code: 1
Restarting server in 3 seconds...
Server started with PID: 18910
⨯ Failed to start server
Error: listen EADDRINUSE: address already in use :::3000
    at <unknown> (Error: listen EADDRINUSE: address already in use :::3000)
    at new Promise (<anonymous>) {
  code: 'EADDRINUSE',
  errno: -98,
  syscall: 'listen',
  address: '::',
  port: 3000
}
[?25h
Server exited with code: 1
Restarting server in 3 seconds...
Server started with PID: 18956
⨯ Failed to start server
Error: listen EADDRINUSE: address already in use :::3000
    at <unknown> (Error: listen EADDRINUSE: address already in use :::3000)
    at new Promise (<anonymous>) {
  code: 'EADDRINUSE',
  errno: -98,
  syscall: 'listen',
  address: '::',
  port: 3000
}
[?25h
Server exited with code: 1
Restarting server in 3 seconds...
Server started with PID: 18999
⨯ Failed to start server
Error: listen EADDRINUSE: address already in use :::3000
    at <unknown> (Error: listen EADDRINUSE: address already in use :::3000)
    at new Promise (<anonymous>) {
  code: 'EADDRINUSE',
  errno: -98,
  syscall: 'listen',
  address: '::',
  port: 3000
}
[?25h
Server exited with code: 1
Restarting server in 3 seconds...
Server started with PID: 19042
⨯ Failed to start server
Error: listen EADDRINUSE: address already in use :::3000
    at <unknown> (Error: listen EADDRINUSE: address already in use :::3000)
    at new Promise (<anonymous>) {
  code: 'EADDRINUSE',
  errno: -98,
  syscall: 'listen',
  address: '::',
  port: 3000
}
[?25h
Server exited with code: 1
Restarting server in 3 seconds...
Server started with PID: 19085
⨯ Failed to start server
Error: listen EADDRINUSE: address already in use :::3000
    at <unknown> (Error: listen EADDRINUSE: address already in use :::3000)
    at new Promise (<anonymous>) {
  code: 'EADDRINUSE',
  errno: -98,
  syscall: 'listen',
  address: '::',
  port: 3000
}
[?25h
Server exited with code: 1
Restarting server in 3 seconds...
Server started with PID: 19128
⨯ Failed to start server
Error: listen EADDRINUSE: address already in use :::3000
    at <unknown> (Error: listen EADDRINUSE: address already in use :::3000)
    at new Promise (<anonymous>) {
  code: 'EADDRINUSE',
  errno: -98,
  syscall: 'listen',
  address: '::',
  port: 3000
}
[?25h
Server exited with code: 1
Restarting server in 3 seconds...
Server started with PID: 19171
⨯ Failed to start server
Error: listen EADDRINUSE: address already in use :::3000
    at <unknown> (Error: listen EADDRINUSE: address already in use :::3000)
    at new Promise (<anonymous>) {
  code: 'EADDRINUSE',
  errno: -98,
  syscall: 'listen',
  address: '::',
  port: 3000
}
[?25h
Server exited with code: 1
Restarting server in 3 seconds...
Server started with PID: 19215
⨯ Failed to start server
Error: listen EADDRINUSE: address already in use :::3000
    at <unknown> (Error: listen EADDRINUSE: address already in use :::3000)
    at new Promise (<anonymous>) {
  code: 'EADDRINUSE',
  errno: -98,
  syscall: 'listen',
  address: '::',
  port: 3000
}
[?25h
Server exited with code: 1
Restarting server in 3 seconds...
Server started with PID: 19261
⨯ Failed to start server
Error: listen EADDRINUSE: address already in use :::3000
    at <unknown> (Error: listen EADDRINUSE: address already in use :::3000)
    at new Promise (<anonymous>) {
  code: 'EADDRINUSE',
  errno: -98,
  syscall: 'listen',
  address: '::',
  port: 3000
}
[?25h
Server exited with code: 1
Restarting server in 3 seconds...
Server started with PID: 19304
⨯ Failed to start server
Error: listen EADDRINUSE: address already in use :::3000
    at <unknown> (Error: listen EADDRINUSE: address already in use :::3000)
    at new Promise (<anonymous>) {
  code: 'EADDRINUSE',
  errno: -98,
  syscall: 'listen',
  address: '::',
  port: 3000
}
[?25h
Server exited with code: 1
Restarting server in 3 seconds...
Server started with PID: 19347
⨯ Failed to start server
Error: listen EADDRINUSE: address already in use :::3000
    at <unknown> (Error: listen EADDRINUSE: address already in use :::3000)
    at new Promise (<anonymous>) {
  code: 'EADDRINUSE',
  errno: -98,
  syscall: 'listen',
  address: '::',
  port: 3000
}
[?25h
Server exited with code: 1
Restarting server in 3 seconds...
Server started with PID: 19390
⨯ Failed to start server
Error: listen EADDRINUSE: address already in use :::3000
    at <unknown> (Error: listen EADDRINUSE: address already in use :::3000)
    at new Promise (<anonymous>) {
  code: 'EADDRINUSE',
  errno: -98,
  syscall: 'listen',
  address: '::',
  port: 3000
}
[?25h
Server exited with code: 1
Restarting server in 3 seconds...
Server started with PID: 19433
⨯ Failed to start server
Error: listen EADDRINUSE: address already in use :::3000
    at <unknown> (Error: listen EADDRINUSE: address already in use :::3000)
    at new Promise (<anonymous>) {
  code: 'EADDRINUSE',
  errno: -98,
  syscall: 'listen',
  address: '::',
  port: 3000
}
[?25h
Server exited with code: 1
Restarting server in 3 seconds...
Server started with PID: 19476
⨯ Failed to start server
Error: listen EADDRINUSE: address already in use :::3000
    at <unknown> (Error: listen EADDRINUSE: address already in use :::3000)
    at new Promise (<anonymous>) {
  code: 'EADDRINUSE',
  errno: -98,
  syscall: 'listen',
  address: '::',
  port: 3000
}
[?25h
Server exited with code: 1
Restarting server in 3 seconds...
Server started with PID: 19519
⨯ Failed to start server
Error: listen EADDRINUSE: address already in use :::3000
    at <unknown> (Error: listen EADDRINUSE: address already in use :::3000)
    at new Promise (<anonymous>) {
  code: 'EADDRINUSE',
  errno: -98,
  syscall: 'listen',
  address: '::',
  port: 3000
}
[?25h
Server exited with code: 1
Restarting server in 3 seconds...
Server started with PID: 19565
⨯ Failed to start server
Error: listen EADDRINUSE: address already in use :::3000
    at <unknown> (Error: listen EADDRINUSE: address already in use :::3000)
    at new Promise (<anonymous>) {
  code: 'EADDRINUSE',
  errno: -98,
  syscall: 'listen',
  address: '::',
  port: 3000
}
[?25h
Server exited with code: 1
Restarting server in 3 seconds...
Server started with PID: 19611
⨯ Failed to start server
Error: listen EADDRINUSE: address already in use :::3000
    at <unknown> (Error: listen EADDRINUSE: address already in use :::3000)
    at new Promise (<anonymous>) {
  code: 'EADDRINUSE',
  errno: -98,
  syscall: 'listen',
  address: '::',
  port: 3000
}
[?25h
Server exited with code: 1
Restarting server in 3 seconds...
Server started with PID: 19654
⨯ Failed to start server
Error: listen EADDRINUSE: address already in use :::3000
    at <unknown> (Error: listen EADDRINUSE: address already in use :::3000)
    at new Promise (<anonymous>) {
  code: 'EADDRINUSE',
  errno: -98,
  syscall: 'listen',
  address: '::',
  port: 3000
}
[?25h
Server exited with code: 1
Restarting server in 3 seconds...
Server started with PID: 19697
⨯ Failed to start server
Error: listen EADDRINUSE: address already in use :::3000
    at <unknown> (Error: listen EADDRINUSE: address already in use :::3000)
    at new Promise (<anonymous>) {
  code: 'EADDRINUSE',
  errno: -98,
  syscall: 'listen',
  address: '::',
  port: 3000
}
[?25h
Server exited with code: 1
Restarting server in 3 seconds...
Server started with PID: 19740
⨯ Failed to start server
Error: listen EADDRINUSE: address already in use :::3000
    at <unknown> (Error: listen EADDRINUSE: address already in use :::3000)
    at new Promise (<anonymous>) {
  code: 'EADDRINUSE',
  errno: -98,
  syscall: 'listen',
  address: '::',
  port: 3000
}
[?25h
Server exited with code: 1
Restarting server in 3 seconds...
Server started with PID: 19783
⨯ Failed to start server
Error: listen EADDRINUSE: address already in use :::3000
    at <unknown> (Error: listen EADDRINUSE: address already in use :::3000)
    at new Promise (<anonymous>) {
  code: 'EADDRINUSE',
  errno: -98,
  syscall: 'listen',
  address: '::',
  port: 3000
}
[?25h
Server exited with code: 1
Restarting server in 3 seconds...
Server started with PID: 19826
⨯ Failed to start server
Error: listen EADDRINUSE: address already in use :::3000
    at <unknown> (Error: listen EADDRINUSE: address already in use :::3000)
    at new Promise (<anonymous>) {
  code: 'EADDRINUSE',
  errno: -98,
  syscall: 'listen',
  address: '::',
  port: 3000
}
[?25h
Server exited with code: 1
Restarting server in 3 seconds...
Server started with PID: 19869
⨯ Failed to start server
Error: listen EADDRINUSE: address already in use :::3000
    at <unknown> (Error: listen EADDRINUSE: address already in use :::3000)
    at new Promise (<anonymous>) {
  code: 'EADDRINUSE',
  errno: -98,
  syscall: 'listen',
  address: '::',
  port: 3000
}
[?25h
Server exited with code: 1
Restarting server in 3 seconds...
Server started with PID: 19916
⨯ Failed to start server
Error: listen EADDRINUSE: address already in use :::3000
    at <unknown> (Error: listen EADDRINUSE: address already in use :::3000)
    at new Promise (<anonymous>) {
  code: 'EADDRINUSE',
  errno: -98,
  syscall: 'listen',
  address: '::',
  port: 3000
}
[?25h
Server exited with code: 1
Restarting server in 3 seconds...
Server started with PID: 19959
⨯ Failed to start server
Error: listen EADDRINUSE: address already in use :::3000
    at <unknown> (Error: listen EADDRINUSE: address already in use :::3000)
    at new Promise (<anonymous>) {
  code: 'EADDRINUSE',
  errno: -98,
  syscall: 'listen',
  address: '::',
  port: 3000
}
[?25h
Server exited with code: 1
Restarting server in 3 seconds...
Server started with PID: 20002
⨯ Failed to start server
Error: listen EADDRINUSE: address already in use :::3000
    at <unknown> (Error: listen EADDRINUSE: address already in use :::3000)
    at new Promise (<anonymous>) {
  code: 'EADDRINUSE',
  errno: -98,
  syscall: 'listen',
  address: '::',
  port: 3000
}
[?25h
Server exited with code: 1
Restarting server in 3 seconds...
Server started with PID: 20045
⨯ Failed to start server
Error: listen EADDRINUSE: address already in use :::3000
    at <unknown> (Error: listen EADDRINUSE: address already in use :::3000)
    at new Promise (<anonymous>) {
  code: 'EADDRINUSE',
  errno: -98,
  syscall: 'listen',
  address: '::',
  port: 3000
}
[?25h
Server exited with code: 1
Restarting server in 3 seconds...
Server started with PID: 20089
⨯ Failed to start server
Error: listen EADDRINUSE: address already in use :::3000
    at <unknown> (Error: listen EADDRINUSE: address already in use :::3000)
    at new Promise (<anonymous>) {
  code: 'EADDRINUSE',
  errno: -98,
  syscall: 'listen',
  address: '::',
  port: 3000
}
[?25h
Server exited with code: 1
Restarting server in 3 seconds...
Server started with PID: 20133
⨯ Failed to start server
Error: listen EADDRINUSE: address already in use :::3000
    at <unknown> (Error: listen EADDRINUSE: address already in use :::3000)
    at new Promise (<anonymous>) {
  code: 'EADDRINUSE',
  errno: -98,
  syscall: 'listen',
  address: '::',
  port: 3000
}
[?25h
Server exited with code: 1
Restarting server in 3 seconds...
Server started with PID: 20176
⨯ Failed to start server
Error: listen EADDRINUSE: address already in use :::3000
    at <unknown> (Error: listen EADDRINUSE: address already in use :::3000)
    at new Promise (<anonymous>) {
  code: 'EADDRINUSE',
  errno: -98,
  syscall: 'listen',
  address: '::',
  port: 3000
}
[?25h
Server exited with code: 1
Restarting server in 3 seconds...
Server started with PID: 20219
⨯ Failed to start server
Error: listen EADDRINUSE: address already in use :::3000
    at <unknown> (Error: listen EADDRINUSE: address already in use :::3000)
    at new Promise (<anonymous>) {
  code: 'EADDRINUSE',
  errno: -98,
  syscall: 'listen',
  address: '::',
  port: 3000
}
[?25h
Server exited with code: 1
Restarting server in 3 seconds...
Server started with PID: 20262
⨯ Failed to start server
Error: listen EADDRINUSE: address already in use :::3000
    at <unknown> (Error: listen EADDRINUSE: address already in use :::3000)
    at new Promise (<anonymous>) {
  code: 'EADDRINUSE',
  errno: -98,
  syscall: 'listen',
  address: '::',
  port: 3000
}
[?25h
Server exited with code: 1
Restarting server in 3 seconds...
Server started with PID: 20305
⨯ Failed to start server
Error: listen EADDRINUSE: address already in use :::3000
    at <unknown> (Error: listen EADDRINUSE: address already in use :::3000)
    at new Promise (<anonymous>) {
  code: 'EADDRINUSE',
  errno: -98,
  syscall: 'listen',
  address: '::',
  port: 3000
}
[?25h
Server exited with code: 1
Restarting server in 3 seconds...
Server started with PID: 20348
⨯ Failed to start server
Error: listen EADDRINUSE: address already in use :::3000
    at <unknown> (Error: listen EADDRINUSE: address already in use :::3000)
    at new Promise (<anonymous>) {
  code: 'EADDRINUSE',
  errno: -98,
  syscall: 'listen',
  address: '::',
  port: 3000
}
[?25h
Server exited with code: 1
Restarting server in 3 seconds...
Server started with PID: 20392
⨯ Failed to start server
Error: listen EADDRINUSE: address already in use :::3000
    at <unknown> (Error: listen EADDRINUSE: address already in use :::3000)
    at new Promise (<anonymous>) {
  code: 'EADDRINUSE',
  errno: -98,
  syscall: 'listen',
  address: '::',
  port: 3000
}
[?25h
Server exited with code: 1
Restarting server in 3 seconds...
Server started with PID: 20453
⨯ Failed to start server
Error: listen EADDRINUSE: address already in use :::3000
    at <unknown> (Error: listen EADDRINUSE: address already in use :::3000)
    at new Promise (<anonymous>) {
  code: 'EADDRINUSE',
  errno: -98,
  syscall: 'listen',
  address: '::',
  port: 3000
}
[?25h
Server exited with code: 1
Restarting server in 3 seconds...
Server started with PID: 20496
⨯ Failed to start server
Error: listen EADDRINUSE: address already in use :::3000
    at <unknown> (Error: listen EADDRINUSE: address already in use :::3000)
    at new Promise (<anonymous>) {
  code: 'EADDRINUSE',
  errno: -98,
  syscall: 'listen',
  address: '::',
  port: 3000
}
[?25h
Server exited with code: 1
Restarting server in 3 seconds...
Server started with PID: 20539
⨯ Failed to start server
Error: listen EADDRINUSE: address already in use :::3000
    at <unknown> (Error: listen EADDRINUSE: address already in use :::3000)
    at new Promise (<anonymous>) {
  code: 'EADDRINUSE',
  errno: -98,
  syscall: 'listen',
  address: '::',
  port: 3000
}
[?25h
Server exited with code: 1
Restarting server in 3 seconds...
Server started with PID: 20582
⨯ Failed to start server
Error: listen EADDRINUSE: address already in use :::3000
    at <unknown> (Error: listen EADDRINUSE: address already in use :::3000)
    at new Promise (<anonymous>) {
  code: 'EADDRINUSE',
  errno: -98,
  syscall: 'listen',
  address: '::',
  port: 3000
}
[?25h
Server exited with code: 1
Restarting server in 3 seconds...
Server started with PID: 20626
⨯ Failed to start server
Error: listen EADDRINUSE: address already in use :::3000
    at <unknown> (Error: listen EADDRINUSE: address already in use :::3000)
    at new Promise (<anonymous>) {
  code: 'EADDRINUSE',
  errno: -98,
  syscall: 'listen',
  address: '::',
  port: 3000
}
[?25h
Server exited with code: 1
Restarting server in 3 seconds...
Server started with PID: 20669
⨯ Failed to start server
Error: listen EADDRINUSE: address already in use :::3000
    at <unknown> (Error: listen EADDRINUSE: address already in use :::3000)
    at new Promise (<anonymous>) {
  code: 'EADDRINUSE',
  errno: -98,
  syscall: 'listen',
  address: '::',
  port: 3000
}
[?25h
Server exited with code: 1
Restarting server in 3 seconds...
Server started with PID: 20730
⨯ Failed to start server
Error: listen EADDRINUSE: address already in use :::3000
    at <unknown> (Error: listen EADDRINUSE: address already in use :::3000)
    at new Promise (<anonymous>) {
  code: 'EADDRINUSE',
  errno: -98,
  syscall: 'listen',
  address: '::',
  port: 3000
}
[?25h
Server exited with code: 1
Restarting server in 3 seconds...
Server started with PID: 20773
⨯ Failed to start server
Error: listen EADDRINUSE: address already in use :::3000
    at <unknown> (Error: listen EADDRINUSE: address already in use :::3000)
    at new Promise (<anonymous>) {
  code: 'EADDRINUSE',
  errno: -98,
  syscall: 'listen',
  address: '::',
  port: 3000
}
[?25h
Server exited with code: 1
Restarting server in 3 seconds...
Server started with PID: 20822
⨯ Failed to start server
Error: listen EADDRINUSE: address already in use :::3000
    at <unknown> (Error: listen EADDRINUSE: address already in use :::3000)
    at new Promise (<anonymous>) {
  code: 'EADDRINUSE',
  errno: -98,
  syscall: 'listen',
  address: '::',
  port: 3000
}
[?25h
Server exited with code: 1
Restarting server in 3 seconds...
Server started with PID: 20865
⨯ Failed to start server
Error: listen EADDRINUSE: address already in use :::3000
    at <unknown> (Error: listen EADDRINUSE: address already in use :::3000)
    at new Promise (<anonymous>) {
  code: 'EADDRINUSE',
  errno: -98,
  syscall: 'listen',
  address: '::',
  port: 3000
}
[?25h
Server exited with code: 1
Restarting server in 3 seconds...
Server started with PID: 20908
⨯ Failed to start server
Error: listen EADDRINUSE: address already in use :::3000
    at <unknown> (Error: listen EADDRINUSE: address already in use :::3000)
    at new Promise (<anonymous>) {
  code: 'EADDRINUSE',
  errno: -98,
  syscall: 'listen',
  address: '::',
  port: 3000
}
[?25h
Server exited with code: 1
Restarting server in 3 seconds...
Server started with PID: 20951
⨯ Failed to start server
Error: listen EADDRINUSE: address already in use :::3000
    at <unknown> (Error: listen EADDRINUSE: address already in use :::3000)
    at new Promise (<anonymous>) {
  code: 'EADDRINUSE',
  errno: -98,
  syscall: 'listen',
  address: '::',
  port: 3000
}
[?25h
Server exited with code: 1
Restarting server in 3 seconds...
Server started with PID: 21004
⨯ Failed to start server
Error: listen EADDRINUSE: address already in use :::3000
    at <unknown> (Error: listen EADDRINUSE: address already in use :::3000)
    at new Promise (<anonymous>) {
  code: 'EADDRINUSE',
  errno: -98,
  syscall: 'listen',
  address: '::',
  port: 3000
}
[?25h
Server exited with code: 1
Restarting server in 3 seconds...
Server started with PID: 21047
⨯ Failed to start server
Error: listen EADDRINUSE: address already in use :::3000
    at <unknown> (Error: listen EADDRINUSE: address already in use :::3000)
    at new Promise (<anonymous>) {
  code: 'EADDRINUSE',
  errno: -98,
  syscall: 'listen',
  address: '::',
  port: 3000
}
[?25h
Server exited with code: 1
Restarting server in 3 seconds...
Server started with PID: 21090
⨯ Failed to start server
Error: listen EADDRINUSE: address already in use :::3000
    at <unknown> (Error: listen EADDRINUSE: address already in use :::3000)
    at new Promise (<anonymous>) {
  code: 'EADDRINUSE',
  errno: -98,
  syscall: 'listen',
  address: '::',
  port: 3000
}
[?25h
Server exited with code: 1
Restarting server in 3 seconds...
Server started with PID: 21133
⨯ Failed to start server
Error: listen EADDRINUSE: address already in use :::3000
    at <unknown> (Error: listen EADDRINUSE: address already in use :::3000)
    at new Promise (<anonymous>) {
  code: 'EADDRINUSE',
  errno: -98,
  syscall: 'listen',
  address: '::',
  port: 3000
}
[?25h
Server exited with code: 1
Restarting server in 3 seconds...
Server started with PID: 21176
⨯ Failed to start server
Error: listen EADDRINUSE: address already in use :::3000
    at <unknown> (Error: listen EADDRINUSE: address already in use :::3000)
    at new Promise (<anonymous>) {
  code: 'EADDRINUSE',
  errno: -98,
  syscall: 'listen',
  address: '::',
  port: 3000
}
[?25h
Server exited with code: 1
Restarting server in 3 seconds...
Server started with PID: 21219
⨯ Failed to start server
Error: listen EADDRINUSE: address already in use :::3000
    at <unknown> (Error: listen EADDRINUSE: address already in use :::3000)
    at new Promise (<anonymous>) {
  code: 'EADDRINUSE',
  errno: -98,
  syscall: 'listen',
  address: '::',
  port: 3000
}
[?25h
Server exited with code: 1
Restarting server in 3 seconds...
Server started with PID: 21262
⨯ Failed to start server
Error: listen EADDRINUSE: address already in use :::3000
    at <unknown> (Error: listen EADDRINUSE: address already in use :::3000)
    at new Promise (<anonymous>) {
  code: 'EADDRINUSE',
  errno: -98,
  syscall: 'listen',
  address: '::',
  port: 3000
}
[?25h
Server exited with code: 1
Restarting server in 3 seconds...
Server started with PID: 21305
⨯ Failed to start server
Error: listen EADDRINUSE: address already in use :::3000
    at <unknown> (Error: listen EADDRINUSE: address already in use :::3000)
    at new Promise (<anonymous>) {
  code: 'EADDRINUSE',
  errno: -98,
  syscall: 'listen',
  address: '::',
  port: 3000
}
[?25h
Server exited with code: 1
Restarting server in 3 seconds...
Server started with PID: 21348
⨯ Failed to start server
Error: listen EADDRINUSE: address already in use :::3000
    at <unknown> (Error: listen EADDRINUSE: address already in use :::3000)
    at new Promise (<anonymous>) {
  code: 'EADDRINUSE',
  errno: -98,
  syscall: 'listen',
  address: '::',
  port: 3000
}
[?25h
Server exited with code: 1
Restarting server in 3 seconds...
Server started with PID: 21391
⨯ Failed to start server
Error: listen EADDRINUSE: address already in use :::3000
    at <unknown> (Error: listen EADDRINUSE: address already in use :::3000)
    at new Promise (<anonymous>) {
  code: 'EADDRINUSE',
  errno: -98,
  syscall: 'listen',
  address: '::',
  port: 3000
}
[?25h
Server exited with code: 1
Restarting server in 3 seconds...
Server started with PID: 21434
⨯ Failed to start server
Error: listen EADDRINUSE: address already in use :::3000
    at <unknown> (Error: listen EADDRINUSE: address already in use :::3000)
    at new Promise (<anonymous>) {
  code: 'EADDRINUSE',
  errno: -98,
  syscall: 'listen',
  address: '::',
  port: 3000
}
[?25h
Server exited with code: 1
Restarting server in 3 seconds...
Server started with PID: 21477
⨯ Failed to start server
Error: listen EADDRINUSE: address already in use :::3000
    at <unknown> (Error: listen EADDRINUSE: address already in use :::3000)
    at new Promise (<anonymous>) {
  code: 'EADDRINUSE',
  errno: -98,
  syscall: 'listen',
  address: '::',
  port: 3000
}
[?25h
Server exited with code: 1
Restarting server in 3 seconds...
Server started with PID: 21520
⨯ Failed to start server
Error: listen EADDRINUSE: address already in use :::3000
    at <unknown> (Error: listen EADDRINUSE: address already in use :::3000)
    at new Promise (<anonymous>) {
  code: 'EADDRINUSE',
  errno: -98,
  syscall: 'listen',
  address: '::',
  port: 3000
}
[?25h
Server exited with code: 1
Restarting server in 3 seconds...
Server started with PID: 21563
⨯ Failed to start server
Error: listen EADDRINUSE: address already in use :::3000
    at <unknown> (Error: listen EADDRINUSE: address already in use :::3000)
    at new Promise (<anonymous>) {
  code: 'EADDRINUSE',
  errno: -98,
  syscall: 'listen',
  address: '::',
  port: 3000
}
[?25h
Server exited with code: 1
Restarting server in 3 seconds...
Server started with PID: 21606
⨯ Failed to start server
Error: listen EADDRINUSE: address already in use :::3000
    at <unknown> (Error: listen EADDRINUSE: address already in use :::3000)
    at new Promise (<anonymous>) {
  code: 'EADDRINUSE',
  errno: -98,
  syscall: 'listen',
  address: '::',
  port: 3000
}
[?25h
Server exited with code: 1
Restarting server in 3 seconds...
Server started with PID: 21649
⨯ Failed to start server
Error: listen EADDRINUSE: address already in use :::3000
    at <unknown> (Error: listen EADDRINUSE: address already in use :::3000)
    at new Promise (<anonymous>) {
  code: 'EADDRINUSE',
  errno: -98,
  syscall: 'listen',
  address: '::',
  port: 3000
}
[?25h
Server exited with code: 1
Restarting server in 3 seconds...
Server started with PID: 21692
⨯ Failed to start server
Error: listen EADDRINUSE: address already in use :::3000
    at <unknown> (Error: listen EADDRINUSE: address already in use :::3000)
    at new Promise (<anonymous>) {
  code: 'EADDRINUSE',
  errno: -98,
  syscall: 'listen',
  address: '::',
  port: 3000
}
[?25h
Server exited with code: 1
Restarting server in 3 seconds...
Server started with PID: 21735
⨯ Failed to start server
Error: listen EADDRINUSE: address already in use :::3000
    at <unknown> (Error: listen EADDRINUSE: address already in use :::3000)
    at new Promise (<anonymous>) {
  code: 'EADDRINUSE',
  errno: -98,
  syscall: 'listen',
  address: '::',
  port: 3000
}
[?25h
Server exited with code: 1
Restarting server in 3 seconds...
Server started with PID: 21778
⨯ Failed to start server
Error: listen EADDRINUSE: address already in use :::3000
    at <unknown> (Error: listen EADDRINUSE: address already in use :::3000)
    at new Promise (<anonymous>) {
  code: 'EADDRINUSE',
  errno: -98,
  syscall: 'listen',
  address: '::',
  port: 3000
}
[?25h
Server exited with code: 1
Restarting server in 3 seconds...
Server started with PID: 21821
⨯ Failed to start server
Error: listen EADDRINUSE: address already in use :::3000
    at <unknown> (Error: listen EADDRINUSE: address already in use :::3000)
    at new Promise (<anonymous>) {
  code: 'EADDRINUSE',
  errno: -98,
  syscall: 'listen',
  address: '::',
  port: 3000
}
[?25h
Server exited with code: 1
Restarting server in 3 seconds...
Server started with PID: 21864
⨯ Failed to start server
Error: listen EADDRINUSE: address already in use :::3000
    at <unknown> (Error: listen EADDRINUSE: address already in use :::3000)
    at new Promise (<anonymous>) {
  code: 'EADDRINUSE',
  errno: -98,
  syscall: 'listen',
  address: '::',
  port: 3000
}
[?25h
Server exited with code: 1
Restarting server in 3 seconds...
Server started with PID: 21907
⨯ Failed to start server
Error: listen EADDRINUSE: address already in use :::3000
    at <unknown> (Error: listen EADDRINUSE: address already in use :::3000)
    at new Promise (<anonymous>) {
  code: 'EADDRINUSE',
  errno: -98,
  syscall: 'listen',
  address: '::',
  port: 3000
}
[?25h
Server exited with code: 1
Restarting server in 3 seconds...
Server started with PID: 21950
⨯ Failed to start server
Error: listen EADDRINUSE: address already in use :::3000
    at <unknown> (Error: listen EADDRINUSE: address already in use :::3000)
    at new Promise (<anonymous>) {
  code: 'EADDRINUSE',
  errno: -98,
  syscall: 'listen',
  address: '::',
  port: 3000
}
[?25h
Server exited with code: 1
Restarting server in 3 seconds...
Server started with PID: 21993
⨯ Failed to start server
Error: listen EADDRINUSE: address already in use :::3000
    at <unknown> (Error: listen EADDRINUSE: address already in use :::3000)
    at new Promise (<anonymous>) {
  code: 'EADDRINUSE',
  errno: -98,
  syscall: 'listen',
  address: '::',
  port: 3000
}
[?25h
Server exited with code: 1
Restarting server in 3 seconds...
Server started with PID: 22040
⨯ Failed to start server
Error: listen EADDRINUSE: address already in use :::3000
    at <unknown> (Error: listen EADDRINUSE: address already in use :::3000)
    at new Promise (<anonymous>) {
  code: 'EADDRINUSE',
  errno: -98,
  syscall: 'listen',
  address: '::',
  port: 3000
}
[?25h
Server exited with code: 1
Restarting server in 3 seconds...
Server started with PID: 22083
⨯ Failed to start server
Error: listen EADDRINUSE: address already in use :::3000
    at <unknown> (Error: listen EADDRINUSE: address already in use :::3000)
    at new Promise (<anonymous>) {
  code: 'EADDRINUSE',
  errno: -98,
  syscall: 'listen',
  address: '::',
  port: 3000
}
[?25h
Server exited with code: 1
Restarting server in 3 seconds...
Server started with PID: 22126
⨯ Failed to start server
Error: listen EADDRINUSE: address already in use :::3000
    at <unknown> (Error: listen EADDRINUSE: address already in use :::3000)
    at new Promise (<anonymous>) {
  code: 'EADDRINUSE',
  errno: -98,
  syscall: 'listen',
  address: '::',
  port: 3000
}
[?25h
Server exited with code: 1
Restarting server in 3 seconds...
Server started with PID: 22169
⨯ Failed to start server
Error: listen EADDRINUSE: address already in use :::3000
    at <unknown> (Error: listen EADDRINUSE: address already in use :::3000)
    at new Promise (<anonymous>) {
  code: 'EADDRINUSE',
  errno: -98,
  syscall: 'listen',
  address: '::',
  port: 3000
}
[?25h
Server exited with code: 1
Restarting server in 3 seconds...
Server started with PID: 22212
⨯ Failed to start server
Error: listen EADDRINUSE: address already in use :::3000
    at <unknown> (Error: listen EADDRINUSE: address already in use :::3000)
    at new Promise (<anonymous>) {
  code: 'EADDRINUSE',
  errno: -98,
  syscall: 'listen',
  address: '::',
  port: 3000
}
[?25h
Server exited with code: 1
Restarting server in 3 seconds...
Server started with PID: 22273
⨯ Failed to start server
Error: listen EADDRINUSE: address already in use :::3000
    at <unknown> (Error: listen EADDRINUSE: address already in use :::3000)
    at new Promise (<anonymous>) {
  code: 'EADDRINUSE',
  errno: -98,
  syscall: 'listen',
  address: '::',
  port: 3000
}
[?25h
Server exited with code: 1
Restarting server in 3 seconds...
Server started with PID: 22316
⨯ Failed to start server
Error: listen EADDRINUSE: address already in use :::3000
    at <unknown> (Error: listen EADDRINUSE: address already in use :::3000)
    at new Promise (<anonymous>) {
  code: 'EADDRINUSE',
  errno: -98,
  syscall: 'listen',
  address: '::',
  port: 3000
}
[?25h
Server exited with code: 1
Restarting server in 3 seconds...
Server started with PID: 22359
⨯ Failed to start server
Error: listen EADDRINUSE: address already in use :::3000
    at <unknown> (Error: listen EADDRINUSE: address already in use :::3000)
    at new Promise (<anonymous>) {
  code: 'EADDRINUSE',
  errno: -98,
  syscall: 'listen',
  address: '::',
  port: 3000
}
[?25h
Server exited with code: 1
Restarting server in 3 seconds...
Server started with PID: 22406
⨯ Failed to start server
Error: listen EADDRINUSE: address already in use :::3000
    at <unknown> (Error: listen EADDRINUSE: address already in use :::3000)
    at new Promise (<anonymous>) {
  code: 'EADDRINUSE',
  errno: -98,
  syscall: 'listen',
  address: '::',
  port: 3000
}
[?25h
Server exited with code: 1
Restarting server in 3 seconds...
Server started with PID: 22449
⨯ Failed to start server
Error: listen EADDRINUSE: address already in use :::3000
    at <unknown> (Error: listen EADDRINUSE: address already in use :::3000)
    at new Promise (<anonymous>) {
  code: 'EADDRINUSE',
  errno: -98,
  syscall: 'listen',
  address: '::',
  port: 3000
}
[?25h
Server exited with code: 1
Restarting server in 3 seconds...
Server started with PID: 22492
⨯ Failed to start server
Error: listen EADDRINUSE: address already in use :::3000
    at <unknown> (Error: listen EADDRINUSE: address already in use :::3000)
    at new Promise (<anonymous>) {
  code: 'EADDRINUSE',
  errno: -98,
  syscall: 'listen',
  address: '::',
  port: 3000
}
[?25h
Server exited with code: 1
Restarting server in 3 seconds...
Server started with PID: 22535
⨯ Failed to start server
Error: listen EADDRINUSE: address already in use :::3000
    at <unknown> (Error: listen EADDRINUSE: address already in use :::3000)
    at new Promise (<anonymous>) {
  code: 'EADDRINUSE',
  errno: -98,
  syscall: 'listen',
  address: '::',
  port: 3000
}
[?25h
Server exited with code: 1
Restarting server in 3 seconds...
Server started with PID: 22579
⨯ Failed to start server
Error: listen EADDRINUSE: address already in use :::3000
    at <unknown> (Error: listen EADDRINUSE: address already in use :::3000)
    at new Promise (<anonymous>) {
  code: 'EADDRINUSE',
  errno: -98,
  syscall: 'listen',
  address: '::',
  port: 3000
}
[?25h
Server exited with code: 1
Restarting server in 3 seconds...
Server started with PID: 22622
⨯ Failed to start server
Error: listen EADDRINUSE: address already in use :::3000
    at <unknown> (Error: listen EADDRINUSE: address already in use :::3000)
    at new Promise (<anonymous>) {
  code: 'EADDRINUSE',
  errno: -98,
  syscall: 'listen',
  address: '::',
  port: 3000
}
[?25h
Server exited with code: 1
Restarting server in 3 seconds...
Server started with PID: 22665
⨯ Failed to start server
Error: listen EADDRINUSE: address already in use :::3000
    at <unknown> (Error: listen EADDRINUSE: address already in use :::3000)
    at new Promise (<anonymous>) {
  code: 'EADDRINUSE',
  errno: -98,
  syscall: 'listen',
  address: '::',
  port: 3000
}
[?25h
Server exited with code: 1
Restarting server in 3 seconds...
Server started with PID: 22712
⨯ Failed to start server
Error: listen EADDRINUSE: address already in use :::3000
    at <unknown> (Error: listen EADDRINUSE: address already in use :::3000)
    at new Promise (<anonymous>) {
  code: 'EADDRINUSE',
  errno: -98,
  syscall: 'listen',
  address: '::',
  port: 3000
}
[?25h
Server exited with code: 1
Restarting server in 3 seconds...
Server started with PID: 22755
⨯ Failed to start server
Error: listen EADDRINUSE: address already in use :::3000
    at <unknown> (Error: listen EADDRINUSE: address already in use :::3000)
    at new Promise (<anonymous>) {
  code: 'EADDRINUSE',
  errno: -98,
  syscall: 'listen',
  address: '::',
  port: 3000
}
[?25h
Server exited with code: 1
Restarting server in 3 seconds...
Server started with PID: 22798
⨯ Failed to start server
Error: listen EADDRINUSE: address already in use :::3000
    at <unknown> (Error: listen EADDRINUSE: address already in use :::3000)
    at new Promise (<anonymous>) {
  code: 'EADDRINUSE',
  errno: -98,
  syscall: 'listen',
  address: '::',
  port: 3000
}
[?25h
Server exited with code: 1
Restarting server in 3 seconds...
Server started with PID: 22841
⨯ Failed to start server
Error: listen EADDRINUSE: address already in use :::3000
    at <unknown> (Error: listen EADDRINUSE: address already in use :::3000)
    at new Promise (<anonymous>) {
  code: 'EADDRINUSE',
  errno: -98,
  syscall: 'listen',
  address: '::',
  port: 3000
}
[?25h
Server exited with code: 1
Restarting server in 3 seconds...
Server started with PID: 22886
⨯ Failed to start server
Error: listen EADDRINUSE: address already in use :::3000
    at <unknown> (Error: listen EADDRINUSE: address already in use :::3000)
    at new Promise (<anonymous>) {
  code: 'EADDRINUSE',
  errno: -98,
  syscall: 'listen',
  address: '::',
  port: 3000
}
[?25h
Server exited with code: 1
Restarting server in 3 seconds...
Server started with PID: 22929
⨯ Failed to start server
Error: listen EADDRINUSE: address already in use :::3000
    at <unknown> (Error: listen EADDRINUSE: address already in use :::3000)
    at new Promise (<anonymous>) {
  code: 'EADDRINUSE',
  errno: -98,
  syscall: 'listen',
  address: '::',
  port: 3000
}
[?25h
Server exited with code: 1
Restarting server in 3 seconds...
Server started with PID: 22972
⨯ Failed to start server
Error: listen EADDRINUSE: address already in use :::3000
    at <unknown> (Error: listen EADDRINUSE: address already in use :::3000)
    at new Promise (<anonymous>) {
  code: 'EADDRINUSE',
  errno: -98,
  syscall: 'listen',
  address: '::',
  port: 3000
}
[?25h
Server exited with code: 1
Restarting server in 3 seconds...
Server started with PID: 23015
⨯ Failed to start server
Error: listen EADDRINUSE: address already in use :::3000
    at <unknown> (Error: listen EADDRINUSE: address already in use :::3000)
    at new Promise (<anonymous>) {
  code: 'EADDRINUSE',
  errno: -98,
  syscall: 'listen',
  address: '::',
  port: 3000
}
[?25h
Server exited with code: 1
Restarting server in 3 seconds...
Server started with PID: 23061
⨯ Failed to start server
Error: listen EADDRINUSE: address already in use :::3000
    at <unknown> (Error: listen EADDRINUSE: address already in use :::3000)
    at new Promise (<anonymous>) {
  code: 'EADDRINUSE',
  errno: -98,
  syscall: 'listen',
  address: '::',
  port: 3000
}
[?25h
Server exited with code: 1
Restarting server in 3 seconds...
Server started with PID: 23104
⨯ Failed to start server
Error: listen EADDRINUSE: address already in use :::3000
    at <unknown> (Error: listen EADDRINUSE: address already in use :::3000)
    at new Promise (<anonymous>) {
  code: 'EADDRINUSE',
  errno: -98,
  syscall: 'listen',
  address: '::',
  port: 3000
}
[?25h
Server exited with code: 1
Restarting server in 3 seconds...
Server started with PID: 23147
⨯ Failed to start server
Error: listen EADDRINUSE: address already in use :::3000
    at <unknown> (Error: listen EADDRINUSE: address already in use :::3000)
    at new Promise (<anonymous>) {
  code: 'EADDRINUSE',
  errno: -98,
  syscall: 'listen',
  address: '::',
  port: 3000
}
[?25h
Server exited with code: 1
Restarting server in 3 seconds...
Server started with PID: 23190
⨯ Failed to start server
Error: listen EADDRINUSE: address already in use :::3000
    at <unknown> (Error: listen EADDRINUSE: address already in use :::3000)
    at new Promise (<anonymous>) {
  code: 'EADDRINUSE',
  errno: -98,
  syscall: 'listen',
  address: '::',
  port: 3000
}
[?25h
Server exited with code: 1
Restarting server in 3 seconds...
Server started with PID: 23233
⨯ Failed to start server
Error: listen EADDRINUSE: address already in use :::3000
    at <unknown> (Error: listen EADDRINUSE: address already in use :::3000)
    at new Promise (<anonymous>) {
  code: 'EADDRINUSE',
  errno: -98,
  syscall: 'listen',
  address: '::',
  port: 3000
}
[?25h
Server exited with code: 1
Restarting server in 3 seconds...
Server started with PID: 23276
⨯ Failed to start server
Error: listen EADDRINUSE: address already in use :::3000
    at <unknown> (Error: listen EADDRINUSE: address already in use :::3000)
    at new Promise (<anonymous>) {
  code: 'EADDRINUSE',
  errno: -98,
  syscall: 'listen',
  address: '::',
  port: 3000
}
[?25h
Server exited with code: 1
Restarting server in 3 seconds...
Server started with PID: 23319
⨯ Failed to start server
Error: listen EADDRINUSE: address already in use :::3000
    at <unknown> (Error: listen EADDRINUSE: address already in use :::3000)
    at new Promise (<anonymous>) {
  code: 'EADDRINUSE',
  errno: -98,
  syscall: 'listen',
  address: '::',
  port: 3000
}
[?25h
Server exited with code: 1
Restarting server in 3 seconds...
Server started with PID: 23362
⨯ Failed to start server
Error: listen EADDRINUSE: address already in use :::3000
    at <unknown> (Error: listen EADDRINUSE: address already in use :::3000)
    at new Promise (<anonymous>) {
  code: 'EADDRINUSE',
  errno: -98,
  syscall: 'listen',
  address: '::',
  port: 3000
}
[?25h
Server exited with code: 1
Restarting server in 3 seconds...
Server started with PID: 23405
⨯ Failed to start server
Error: listen EADDRINUSE: address already in use :::3000
    at <unknown> (Error: listen EADDRINUSE: address already in use :::3000)
    at new Promise (<anonymous>) {
  code: 'EADDRINUSE',
  errno: -98,
  syscall: 'listen',
  address: '::',
  port: 3000
}
[?25h
Server exited with code: 1
Restarting server in 3 seconds...
Server started with PID: 23448
⨯ Failed to start server
Error: listen EADDRINUSE: address already in use :::3000
    at <unknown> (Error: listen EADDRINUSE: address already in use :::3000)
    at new Promise (<anonymous>) {
  code: 'EADDRINUSE',
  errno: -98,
  syscall: 'listen',
  address: '::',
  port: 3000
}
[?25h
Server exited with code: 1
Restarting server in 3 seconds...
Server started with PID: 23491
⨯ Failed to start server
Error: listen EADDRINUSE: address already in use :::3000
    at <unknown> (Error: listen EADDRINUSE: address already in use :::3000)
    at new Promise (<anonymous>) {
  code: 'EADDRINUSE',
  errno: -98,
  syscall: 'listen',
  address: '::',
  port: 3000
}
[?25h
Server exited with code: 1
Restarting server in 3 seconds...
Server started with PID: 23534
⨯ Failed to start server
Error: listen EADDRINUSE: address already in use :::3000
    at <unknown> (Error: listen EADDRINUSE: address already in use :::3000)
    at new Promise (<anonymous>) {
  code: 'EADDRINUSE',
  errno: -98,
  syscall: 'listen',
  address: '::',
  port: 3000
}
[?25h
Server exited with code: 1
Restarting server in 3 seconds...
Server started with PID: 23578
⨯ Failed to start server
Error: listen EADDRINUSE: address already in use :::3000
    at <unknown> (Error: listen EADDRINUSE: address already in use :::3000)
    at new Promise (<anonymous>) {
  code: 'EADDRINUSE',
  errno: -98,
  syscall: 'listen',
  address: '::',
  port: 3000
}
[?25h
Server exited with code: 1
Restarting server in 3 seconds...
Server started with PID: 23621
⨯ Failed to start server
Error: listen EADDRINUSE: address already in use :::3000
    at <unknown> (Error: listen EADDRINUSE: address already in use :::3000)
    at new Promise (<anonymous>) {
  code: 'EADDRINUSE',
  errno: -98,
  syscall: 'listen',
  address: '::',
  port: 3000
}
[?25h
Server exited with code: 1
Restarting server in 3 seconds...
Server started with PID: 23664
⨯ Failed to start server
Error: listen EADDRINUSE: address already in use :::3000
    at <unknown> (Error: listen EADDRINUSE: address already in use :::3000)
    at new Promise (<anonymous>) {
  code: 'EADDRINUSE',
  errno: -98,
  syscall: 'listen',
  address: '::',
  port: 3000
}
[?25h
Server exited with code: 1
Restarting server in 3 seconds...
Server started with PID: 23707
⨯ Failed to start server
Error: listen EADDRINUSE: address already in use :::3000
    at <unknown> (Error: listen EADDRINUSE: address already in use :::3000)
    at new Promise (<anonymous>) {
  code: 'EADDRINUSE',
  errno: -98,
  syscall: 'listen',
  address: '::',
  port: 3000
}
[?25h
Server exited with code: 1
Restarting server in 3 seconds...
Server started with PID: 23754
⨯ Failed to start server
Error: listen EADDRINUSE: address already in use :::3000
    at <unknown> (Error: listen EADDRINUSE: address already in use :::3000)
    at new Promise (<anonymous>) {
  code: 'EADDRINUSE',
  errno: -98,
  syscall: 'listen',
  address: '::',
  port: 3000
}
[?25h
Server exited with code: 1
Restarting server in 3 seconds...
Server started with PID: 23797
⨯ Failed to start server
Error: listen EADDRINUSE: address already in use :::3000
    at <unknown> (Error: listen EADDRINUSE: address already in use :::3000)
    at new Promise (<anonymous>) {
  code: 'EADDRINUSE',
  errno: -98,
  syscall: 'listen',
  address: '::',
  port: 3000
}
[?25h
Server exited with code: 1
Restarting server in 3 seconds...
Server started with PID: 23840
⨯ Failed to start server
Error: listen EADDRINUSE: address already in use :::3000
    at <unknown> (Error: listen EADDRINUSE: address already in use :::3000)
    at new Promise (<anonymous>) {
  code: 'EADDRINUSE',
  errno: -98,
  syscall: 'listen',
  address: '::',
  port: 3000
}
[?25h
Server exited with code: 1
Restarting server in 3 seconds...
Server started with PID: 23883
⨯ Failed to start server
Error: listen EADDRINUSE: address already in use :::3000
    at <unknown> (Error: listen EADDRINUSE: address already in use :::3000)
    at new Promise (<anonymous>) {
  code: 'EADDRINUSE',
  errno: -98,
  syscall: 'listen',
  address: '::',
  port: 3000
}
[?25h
Server exited with code: 1
Restarting server in 3 seconds...
Server started with PID: 23926
⨯ Failed to start server
Error: listen EADDRINUSE: address already in use :::3000
    at <unknown> (Error: listen EADDRINUSE: address already in use :::3000)
    at new Promise (<anonymous>) {
  code: 'EADDRINUSE',
  errno: -98,
  syscall: 'listen',
  address: '::',
  port: 3000
}
[?25h
Server exited with code: 1
Restarting server in 3 seconds...
Server started with PID: 23969
⨯ Failed to start server
Error: listen EADDRINUSE: address already in use :::3000
    at <unknown> (Error: listen EADDRINUSE: address already in use :::3000)
    at new Promise (<anonymous>) {
  code: 'EADDRINUSE',
  errno: -98,
  syscall: 'listen',
  address: '::',
  port: 3000
}
[?25h
Server exited with code: 1
Restarting server in 3 seconds...
Server started with PID: 24012
⨯ Failed to start server
Error: listen EADDRINUSE: address already in use :::3000
    at <unknown> (Error: listen EADDRINUSE: address already in use :::3000)
    at new Promise (<anonymous>) {
  code: 'EADDRINUSE',
  errno: -98,
  syscall: 'listen',
  address: '::',
  port: 3000
}
[?25h
Server exited with code: 1
Restarting server in 3 seconds...
Server started with PID: 24059
⨯ Failed to start server
Error: listen EADDRINUSE: address already in use :::3000
    at <unknown> (Error: listen EADDRINUSE: address already in use :::3000)
    at new Promise (<anonymous>) {
  code: 'EADDRINUSE',
  errno: -98,
  syscall: 'listen',
  address: '::',
  port: 3000
}
[?25h
Server exited with code: 1
Restarting server in 3 seconds...
Server started with PID: 24102
⨯ Failed to start server
Error: listen EADDRINUSE: address already in use :::3000
    at <unknown> (Error: listen EADDRINUSE: address already in use :::3000)
    at new Promise (<anonymous>) {
  code: 'EADDRINUSE',
  errno: -98,
  syscall: 'listen',
  address: '::',
  port: 3000
}
[?25h
Server exited with code: 1
Restarting server in 3 seconds...
Server started with PID: 24145
⨯ Failed to start server
Error: listen EADDRINUSE: address already in use :::3000
    at <unknown> (Error: listen EADDRINUSE: address already in use :::3000)
    at new Promise (<anonymous>) {
  code: 'EADDRINUSE',
  errno: -98,
  syscall: 'listen',
  address: '::',
  port: 3000
}
[?25h
Server exited with code: 1
Restarting server in 3 seconds...
Server started with PID: 24188
⨯ Failed to start server
Error: listen EADDRINUSE: address already in use :::3000
    at <unknown> (Error: listen EADDRINUSE: address already in use :::3000)
    at new Promise (<anonymous>) {
  code: 'EADDRINUSE',
  errno: -98,
  syscall: 'listen',
  address: '::',
  port: 3000
}
[?25h
Server exited with code: 1
Restarting server in 3 seconds...
Server started with PID: 24231
⨯ Failed to start server
Error: listen EADDRINUSE: address already in use :::3000
    at <unknown> (Error: listen EADDRINUSE: address already in use :::3000)
    at new Promise (<anonymous>) {
  code: 'EADDRINUSE',
  errno: -98,
  syscall: 'listen',
  address: '::',
  port: 3000
}
[?25h
Server exited with code: 1
Restarting server in 3 seconds...
Server started with PID: 24275
⨯ Failed to start server
Error: listen EADDRINUSE: address already in use :::3000
    at <unknown> (Error: listen EADDRINUSE: address already in use :::3000)
    at new Promise (<anonymous>) {
  code: 'EADDRINUSE',
  errno: -98,
  syscall: 'listen',
  address: '::',
  port: 3000
}
[?25h
Server exited with code: 1
Restarting server in 3 seconds...
Server started with PID: 24318
⨯ Failed to start server
Error: listen EADDRINUSE: address already in use :::3000
    at <unknown> (Error: listen EADDRINUSE: address already in use :::3000)
    at new Promise (<anonymous>) {
  code: 'EADDRINUSE',
  errno: -98,
  syscall: 'listen',
  address: '::',
  port: 3000
}
[?25h
Server exited with code: 1
Restarting server in 3 seconds...
Server started with PID: 24361
⨯ Failed to start server
Error: listen EADDRINUSE: address already in use :::3000
    at <unknown> (Error: listen EADDRINUSE: address already in use :::3000)
    at new Promise (<anonymous>) {
  code: 'EADDRINUSE',
  errno: -98,
  syscall: 'listen',
  address: '::',
  port: 3000
}
[?25h
Server exited with code: 1
Restarting server in 3 seconds...
Server started with PID: 24407
⨯ Failed to start server
Error: listen EADDRINUSE: address already in use :::3000
    at <unknown> (Error: listen EADDRINUSE: address already in use :::3000)
    at new Promise (<anonymous>) {
  code: 'EADDRINUSE',
  errno: -98,
  syscall: 'listen',
  address: '::',
  port: 3000
}
[?25h
Server exited with code: 1
Restarting server in 3 seconds...
Server started with PID: 24450
⨯ Failed to start server
Error: listen EADDRINUSE: address already in use :::3000
    at <unknown> (Error: listen EADDRINUSE: address already in use :::3000)
    at new Promise (<anonymous>) {
  code: 'EADDRINUSE',
  errno: -98,
  syscall: 'listen',
  address: '::',
  port: 3000
}
[?25h
Server exited with code: 1
Restarting server in 3 seconds...
Server started with PID: 24493
⨯ Failed to start server
Error: listen EADDRINUSE: address already in use :::3000
    at <unknown> (Error: listen EADDRINUSE: address already in use :::3000)
    at new Promise (<anonymous>) {
  code: 'EADDRINUSE',
  errno: -98,
  syscall: 'listen',
  address: '::',
  port: 3000
}
[?25h
Server exited with code: 1
Restarting server in 3 seconds...
Server started with PID: 24536
⨯ Failed to start server
Error: listen EADDRINUSE: address already in use :::3000
    at <unknown> (Error: listen EADDRINUSE: address already in use :::3000)
    at new Promise (<anonymous>) {
  code: 'EADDRINUSE',
  errno: -98,
  syscall: 'listen',
  address: '::',
  port: 3000
}
[?25h
Server exited with code: 1
Restarting server in 3 seconds...
Server started with PID: 24579
⨯ Failed to start server
Error: listen EADDRINUSE: address already in use :::3000
    at <unknown> (Error: listen EADDRINUSE: address already in use :::3000)
    at new Promise (<anonymous>) {
  code: 'EADDRINUSE',
  errno: -98,
  syscall: 'listen',
  address: '::',
  port: 3000
}
[?25h
Server exited with code: 1
Restarting server in 3 seconds...
Server started with PID: 24623
⨯ Failed to start server
Error: listen EADDRINUSE: address already in use :::3000
    at <unknown> (Error: listen EADDRINUSE: address already in use :::3000)
    at new Promise (<anonymous>) {
  code: 'EADDRINUSE',
  errno: -98,
  syscall: 'listen',
  address: '::',
  port: 3000
}
[?25h
Server exited with code: 1
Restarting server in 3 seconds...
Server started with PID: 24666
⨯ Failed to start server
Error: listen EADDRINUSE: address already in use :::3000
    at <unknown> (Error: listen EADDRINUSE: address already in use :::3000)
    at new Promise (<anonymous>) {
  code: 'EADDRINUSE',
  errno: -98,
  syscall: 'listen',
  address: '::',
  port: 3000
}
[?25h
Server exited with code: 1
Restarting server in 3 seconds...
Server started with PID: 24712
⨯ Failed to start server
Error: listen EADDRINUSE: address already in use :::3000
    at <unknown> (Error: listen EADDRINUSE: address already in use :::3000)
    at new Promise (<anonymous>) {
  code: 'EADDRINUSE',
  errno: -98,
  syscall: 'listen',
  address: '::',
  port: 3000
}
[?25h
Server exited with code: 1
Restarting server in 3 seconds...
Server started with PID: 24755
⨯ Failed to start server
Error: listen EADDRINUSE: address already in use :::3000
    at <unknown> (Error: listen EADDRINUSE: address already in use :::3000)
    at new Promise (<anonymous>) {
  code: 'EADDRINUSE',
  errno: -98,
  syscall: 'listen',
  address: '::',
  port: 3000
}
[?25h
Server exited with code: 1
Restarting server in 3 seconds...
Server started with PID: 24798
⨯ Failed to start server
Error: listen EADDRINUSE: address already in use :::3000
    at <unknown> (Error: listen EADDRINUSE: address already in use :::3000)
    at new Promise (<anonymous>) {
  code: 'EADDRINUSE',
  errno: -98,
  syscall: 'listen',
  address: '::',
  port: 3000
}
[?25h
Server exited with code: 1
Restarting server in 3 seconds...
Server started with PID: 24841
⨯ Failed to start server
Error: listen EADDRINUSE: address already in use :::3000
    at <unknown> (Error: listen EADDRINUSE: address already in use :::3000)
    at new Promise (<anonymous>) {
  code: 'EADDRINUSE',
  errno: -98,
  syscall: 'listen',
  address: '::',
  port: 3000
}
[?25h
Server exited with code: 1
Restarting server in 3 seconds...
Server started with PID: 24884
⨯ Failed to start server
Error: listen EADDRINUSE: address already in use :::3000
    at <unknown> (Error: listen EADDRINUSE: address already in use :::3000)
    at new Promise (<anonymous>) {
  code: 'EADDRINUSE',
  errno: -98,
  syscall: 'listen',
  address: '::',
  port: 3000
}
[?25h
Server exited with code: 1
Restarting server in 3 seconds...
Server started with PID: 24927
⨯ Failed to start server
Error: listen EADDRINUSE: address already in use :::3000
    at <unknown> (Error: listen EADDRINUSE: address already in use :::3000)
    at new Promise (<anonymous>) {
  code: 'EADDRINUSE',
  errno: -98,
  syscall: 'listen',
  address: '::',
  port: 3000
}
[?25h
Server exited with code: 1
Restarting server in 3 seconds...
Server started with PID: 24970
⨯ Failed to start server
Error: listen EADDRINUSE: address already in use :::3000
    at <unknown> (Error: listen EADDRINUSE: address already in use :::3000)
    at new Promise (<anonymous>) {
  code: 'EADDRINUSE',
  errno: -98,
  syscall: 'listen',
  address: '::',
  port: 3000
}
[?25h
Server exited with code: 1
Restarting server in 3 seconds...
Server started with PID: 25013
⨯ Failed to start server
Error: listen EADDRINUSE: address already in use :::3000
    at <unknown> (Error: listen EADDRINUSE: address already in use :::3000)
    at new Promise (<anonymous>) {
  code: 'EADDRINUSE',
  errno: -98,
  syscall: 'listen',
  address: '::',
  port: 3000
}
[?25h
Server exited with code: 1
Restarting server in 3 seconds...
Server started with PID: 25056
⨯ Failed to start server
Error: listen EADDRINUSE: address already in use :::3000
    at <unknown> (Error: listen EADDRINUSE: address already in use :::3000)
    at new Promise (<anonymous>) {
  code: 'EADDRINUSE',
  errno: -98,
  syscall: 'listen',
  address: '::',
  port: 3000
}
[?25h
Server exited with code: 1
Restarting server in 3 seconds...
Server started with PID: 25099
⨯ Failed to start server
Error: listen EADDRINUSE: address already in use :::3000
    at <unknown> (Error: listen EADDRINUSE: address already in use :::3000)
    at new Promise (<anonymous>) {
  code: 'EADDRINUSE',
  errno: -98,
  syscall: 'listen',
  address: '::',
  port: 3000
}
[?25h
Server exited with code: 1
Restarting server in 3 seconds...
Server started with PID: 25142
⨯ Failed to start server
Error: listen EADDRINUSE: address already in use :::3000
    at <unknown> (Error: listen EADDRINUSE: address already in use :::3000)
    at new Promise (<anonymous>) {
  code: 'EADDRINUSE',
  errno: -98,
  syscall: 'listen',
  address: '::',
  port: 3000
}
[?25h
Server exited with code: 1
Restarting server in 3 seconds...
Server started with PID: 25186
⨯ Failed to start server
Error: listen EADDRINUSE: address already in use :::3000
    at <unknown> (Error: listen EADDRINUSE: address already in use :::3000)
    at new Promise (<anonymous>) {
  code: 'EADDRINUSE',
  errno: -98,
  syscall: 'listen',
  address: '::',
  port: 3000
}
[?25h
Server exited with code: 1
Restarting server in 3 seconds...
Server started with PID: 25229
⨯ Failed to start server
Error: listen EADDRINUSE: address already in use :::3000
    at <unknown> (Error: listen EADDRINUSE: address already in use :::3000)
    at new Promise (<anonymous>) {
  code: 'EADDRINUSE',
  errno: -98,
  syscall: 'listen',
  address: '::',
  port: 3000
}
[?25h
Server exited with code: 1
Restarting server in 3 seconds...
Server started with PID: 25272
⨯ Failed to start server
Error: listen EADDRINUSE: address already in use :::3000
    at <unknown> (Error: listen EADDRINUSE: address already in use :::3000)
    at new Promise (<anonymous>) {
  code: 'EADDRINUSE',
  errno: -98,
  syscall: 'listen',
  address: '::',
  port: 3000
}
[?25h
Server exited with code: 1
Restarting server in 3 seconds...
Server started with PID: 25315
⨯ Failed to start server
Error: listen EADDRINUSE: address already in use :::3000
    at <unknown> (Error: listen EADDRINUSE: address already in use :::3000)
    at new Promise (<anonymous>) {
  code: 'EADDRINUSE',
  errno: -98,
  syscall: 'listen',
  address: '::',
  port: 3000
}
[?25h
Server exited with code: 1
Restarting server in 3 seconds...
Server started with PID: 25358
⨯ Failed to start server
Error: listen EADDRINUSE: address already in use :::3000
    at <unknown> (Error: listen EADDRINUSE: address already in use :::3000)
    at new Promise (<anonymous>) {
  code: 'EADDRINUSE',
  errno: -98,
  syscall: 'listen',
  address: '::',
  port: 3000
}
[?25h
Server exited with code: 1
Restarting server in 3 seconds...
Server started with PID: 25402
⨯ Failed to start server
Error: listen EADDRINUSE: address already in use :::3000
    at <unknown> (Error: listen EADDRINUSE: address already in use :::3000)
    at new Promise (<anonymous>) {
  code: 'EADDRINUSE',
  errno: -98,
  syscall: 'listen',
  address: '::',
  port: 3000
}
[?25h
Server exited with code: 1
Restarting server in 3 seconds...
Server started with PID: 25445
⨯ Failed to start server
Error: listen EADDRINUSE: address already in use :::3000
    at <unknown> (Error: listen EADDRINUSE: address already in use :::3000)
    at new Promise (<anonymous>) {
  code: 'EADDRINUSE',
  errno: -98,
  syscall: 'listen',
  address: '::',
  port: 3000
}
[?25h
Server exited with code: 1
Restarting server in 3 seconds...
Server started with PID: 25488
⨯ Failed to start server
Error: listen EADDRINUSE: address already in use :::3000
    at <unknown> (Error: listen EADDRINUSE: address already in use :::3000)
    at new Promise (<anonymous>) {
  code: 'EADDRINUSE',
  errno: -98,
  syscall: 'listen',
  address: '::',
  port: 3000
}
[?25h
Server exited with code: 1
Restarting server in 3 seconds...
Server started with PID: 25531
⨯ Failed to start server
Error: listen EADDRINUSE: address already in use :::3000
    at <unknown> (Error: listen EADDRINUSE: address already in use :::3000)
    at new Promise (<anonymous>) {
  code: 'EADDRINUSE',
  errno: -98,
  syscall: 'listen',
  address: '::',
  port: 3000
}
[?25h
Server exited with code: 1
Restarting server in 3 seconds...
Server started with PID: 25574
⨯ Failed to start server
Error: listen EADDRINUSE: address already in use :::3000
    at <unknown> (Error: listen EADDRINUSE: address already in use :::3000)
    at new Promise (<anonymous>) {
  code: 'EADDRINUSE',
  errno: -98,
  syscall: 'listen',
  address: '::',
  port: 3000
}
[?25h
Server exited with code: 1
Restarting server in 3 seconds...
Server started with PID: 25617
⨯ Failed to start server
Error: listen EADDRINUSE: address already in use :::3000
    at <unknown> (Error: listen EADDRINUSE: address already in use :::3000)
    at new Promise (<anonymous>) {
  code: 'EADDRINUSE',
  errno: -98,
  syscall: 'listen',
  address: '::',
  port: 3000
}
[?25h
Server exited with code: 1
Restarting server in 3 seconds...
Server started with PID: 25660
⨯ Failed to start server
Error: listen EADDRINUSE: address already in use :::3000
    at <unknown> (Error: listen EADDRINUSE: address already in use :::3000)
    at new Promise (<anonymous>) {
  code: 'EADDRINUSE',
  errno: -98,
  syscall: 'listen',
  address: '::',
  port: 3000
}
[?25h
Server exited with code: 1
Restarting server in 3 seconds...
Server started with PID: 25703
⨯ Failed to start server
Error: listen EADDRINUSE: address already in use :::3000
    at <unknown> (Error: listen EADDRINUSE: address already in use :::3000)
    at new Promise (<anonymous>) {
  code: 'EADDRINUSE',
  errno: -98,
  syscall: 'listen',
  address: '::',
  port: 3000
}
[?25h
Server exited with code: 1
Restarting server in 3 seconds...
Server started with PID: 25746
⨯ Failed to start server
Error: listen EADDRINUSE: address already in use :::3000
    at <unknown> (Error: listen EADDRINUSE: address already in use :::3000)
    at new Promise (<anonymous>) {
  code: 'EADDRINUSE',
  errno: -98,
  syscall: 'listen',
  address: '::',
  port: 3000
}
[?25h
Server exited with code: 1
Restarting server in 3 seconds...
Server started with PID: 25789
⨯ Failed to start server
Error: listen EADDRINUSE: address already in use :::3000
    at <unknown> (Error: listen EADDRINUSE: address already in use :::3000)
    at new Promise (<anonymous>) {
  code: 'EADDRINUSE',
  errno: -98,
  syscall: 'listen',
  address: '::',
  port: 3000
}
[?25h
Server exited with code: 1
Restarting server in 3 seconds...
Server started with PID: 25832
⨯ Failed to start server
Error: listen EADDRINUSE: address already in use :::3000
    at <unknown> (Error: listen EADDRINUSE: address already in use :::3000)
    at new Promise (<anonymous>) {
  code: 'EADDRINUSE',
  errno: -98,
  syscall: 'listen',
  address: '::',
  port: 3000
}
[?25h
Server exited with code: 1
Restarting server in 3 seconds...
Server started with PID: 25875
⨯ Failed to start server
Error: listen EADDRINUSE: address already in use :::3000
    at <unknown> (Error: listen EADDRINUSE: address already in use :::3000)
    at new Promise (<anonymous>) {
  code: 'EADDRINUSE',
  errno: -98,
  syscall: 'listen',
  address: '::',
  port: 3000
}
[?25h
Server exited with code: 1
Restarting server in 3 seconds...
Server started with PID: 25918
⨯ Failed to start server
Error: listen EADDRINUSE: address already in use :::3000
    at <unknown> (Error: listen EADDRINUSE: address already in use :::3000)
    at new Promise (<anonymous>) {
  code: 'EADDRINUSE',
  errno: -98,
  syscall: 'listen',
  address: '::',
  port: 3000
}
[?25h
Server exited with code: 1
Restarting server in 3 seconds...
Server started with PID: 25967
⨯ Failed to start server
Error: listen EADDRINUSE: address already in use :::3000
    at <unknown> (Error: listen EADDRINUSE: address already in use :::3000)
    at new Promise (<anonymous>) {
  code: 'EADDRINUSE',
  errno: -98,
  syscall: 'listen',
  address: '::',
  port: 3000
}
[?25h
Server exited with code: 1
Restarting server in 3 seconds...
Server started with PID: 26040
⨯ Failed to start server
Error: listen EADDRINUSE: address already in use :::3000
    at <unknown> (Error: listen EADDRINUSE: address already in use :::3000)
    at new Promise (<anonymous>) {
  code: 'EADDRINUSE',
  errno: -98,
  syscall: 'listen',
  address: '::',
  port: 3000
}
[?25h
Server exited with code: 1
Restarting server in 3 seconds...
Server started with PID: 26101
⨯ Failed to start server
Error: listen EADDRINUSE: address already in use :::3000
    at <unknown> (Error: listen EADDRINUSE: address already in use :::3000)
    at new Promise (<anonymous>) {
  code: 'EADDRINUSE',
  errno: -98,
  syscall: 'listen',
  address: '::',
  port: 3000
}
[?25h
Server exited with code: 1
Restarting server in 3 seconds...
Server started with PID: 26144
⨯ Failed to start server
Error: listen EADDRINUSE: address already in use :::3000
    at <unknown> (Error: listen EADDRINUSE: address already in use :::3000)
    at new Promise (<anonymous>) {
  code: 'EADDRINUSE',
  errno: -98,
  syscall: 'listen',
  address: '::',
  port: 3000
}
[?25h
Server exited with code: 1
Restarting server in 3 seconds...
Server started with PID: 26187
⨯ Failed to start server
Error: listen EADDRINUSE: address already in use :::3000
    at <unknown> (Error: listen EADDRINUSE: address already in use :::3000)
    at new Promise (<anonymous>) {
  code: 'EADDRINUSE',
  errno: -98,
  syscall: 'listen',
  address: '::',
  port: 3000
}
[?25h
Server exited with code: 1
Restarting server in 3 seconds...
Server started with PID: 26242
⨯ Failed to start server
Error: listen EADDRINUSE: address already in use :::3000
    at <unknown> (Error: listen EADDRINUSE: address already in use :::3000)
    at new Promise (<anonymous>) {
  code: 'EADDRINUSE',
  errno: -98,
  syscall: 'listen',
  address: '::',
  port: 3000
}
[?25h
Server exited with code: 1
Restarting server in 3 seconds...
Server started with PID: 26285
⨯ Failed to start server
Error: listen EADDRINUSE: address already in use :::3000
    at <unknown> (Error: listen EADDRINUSE: address already in use :::3000)
    at new Promise (<anonymous>) {
  code: 'EADDRINUSE',
  errno: -98,
  syscall: 'listen',
  address: '::',
  port: 3000
}
[?25h
Server exited with code: 1
Restarting server in 3 seconds...
Server started with PID: 26344
⨯ Failed to start server
Error: listen EADDRINUSE: address already in use :::3000
    at <unknown> (Error: listen EADDRINUSE: address already in use :::3000)
    at new Promise (<anonymous>) {
  code: 'EADDRINUSE',
  errno: -98,
  syscall: 'listen',
  address: '::',
  port: 3000
}
[?25h
Server exited with code: 1
Restarting server in 3 seconds...
Server started with PID: 26387
⨯ Failed to start server
Error: listen EADDRINUSE: address already in use :::3000
    at <unknown> (Error: listen EADDRINUSE: address already in use :::3000)
    at new Promise (<anonymous>) {
  code: 'EADDRINUSE',
  errno: -98,
  syscall: 'listen',
  address: '::',
  port: 3000
}
[?25h
Server exited with code: 1
Restarting server in 3 seconds...
Server started with PID: 26430
⨯ Failed to start server
Error: listen EADDRINUSE: address already in use :::3000
    at <unknown> (Error: listen EADDRINUSE: address already in use :::3000)
    at new Promise (<anonymous>) {
  code: 'EADDRINUSE',
  errno: -98,
  syscall: 'listen',
  address: '::',
  port: 3000
}
[?25h
Server exited with code: 1
Restarting server in 3 seconds...
Server started with PID: 26473
⨯ Failed to start server
Error: listen EADDRINUSE: address already in use :::3000
    at <unknown> (Error: listen EADDRINUSE: address already in use :::3000)
    at new Promise (<anonymous>) {
  code: 'EADDRINUSE',
  errno: -98,
  syscall: 'listen',
  address: '::',
  port: 3000
}
[?25h
Server exited with code: 1
Restarting server in 3 seconds...
Server started with PID: 26516
⨯ Failed to start server
Error: listen EADDRINUSE: address already in use :::3000
    at <unknown> (Error: listen EADDRINUSE: address already in use :::3000)
    at new Promise (<anonymous>) {
  code: 'EADDRINUSE',
  errno: -98,
  syscall: 'listen',
  address: '::',
  port: 3000
}
[?25h
Server exited with code: 1
Restarting server in 3 seconds...
Server started with PID: 26559
⨯ Failed to start server
Error: listen EADDRINUSE: address already in use :::3000
    at <unknown> (Error: listen EADDRINUSE: address already in use :::3000)
    at new Promise (<anonymous>) {
  code: 'EADDRINUSE',
  errno: -98,
  syscall: 'listen',
  address: '::',
  port: 3000
}
[?25h
Server exited with code: 1
Restarting server in 3 seconds...
Server started with PID: 26602
⨯ Failed to start server
Error: listen EADDRINUSE: address already in use :::3000
    at <unknown> (Error: listen EADDRINUSE: address already in use :::3000)
    at new Promise (<anonymous>) {
  code: 'EADDRINUSE',
  errno: -98,
  syscall: 'listen',
  address: '::',
  port: 3000
}
[?25h
Server exited with code: 1
Restarting server in 3 seconds...
Server started with PID: 26645
⨯ Failed to start server
Error: listen EADDRINUSE: address already in use :::3000
    at <unknown> (Error: listen EADDRINUSE: address already in use :::3000)
    at new Promise (<anonymous>) {
  code: 'EADDRINUSE',
  errno: -98,
  syscall: 'listen',
  address: '::',
  port: 3000
}
[?25h
Server exited with code: 1
Restarting server in 3 seconds...
Server started with PID: 26688
⨯ Failed to start server
Error: listen EADDRINUSE: address already in use :::3000
    at <unknown> (Error: listen EADDRINUSE: address already in use :::3000)
    at new Promise (<anonymous>) {
  code: 'EADDRINUSE',
  errno: -98,
  syscall: 'listen',
  address: '::',
  port: 3000
}
[?25h
Server exited with code: 1
Restarting server in 3 seconds...
Server started with PID: 26731
⨯ Failed to start server
Error: listen EADDRINUSE: address already in use :::3000
    at <unknown> (Error: listen EADDRINUSE: address already in use :::3000)
    at new Promise (<anonymous>) {
  code: 'EADDRINUSE',
  errno: -98,
  syscall: 'listen',
  address: '::',
  port: 3000
}
[?25h
Server exited with code: 1
Restarting server in 3 seconds...
Server started with PID: 26774
⨯ Failed to start server
Error: listen EADDRINUSE: address already in use :::3000
    at <unknown> (Error: listen EADDRINUSE: address already in use :::3000)
    at new Promise (<anonymous>) {
  code: 'EADDRINUSE',
  errno: -98,
  syscall: 'listen',
  address: '::',
  port: 3000
}
[?25h
Server exited with code: 1
Restarting server in 3 seconds...
Server started with PID: 26817
⨯ Failed to start server
Error: listen EADDRINUSE: address already in use :::3000
    at <unknown> (Error: listen EADDRINUSE: address already in use :::3000)
    at new Promise (<anonymous>) {
  code: 'EADDRINUSE',
  errno: -98,
  syscall: 'listen',
  address: '::',
  port: 3000
}
[?25h
Server exited with code: 1
Restarting server in 3 seconds...
